IPK,Skor_Motivasi_Tertulis,Skor_Literasi_Finansial,Surat_Rekomendasi,Aktif_Organisasi,Jumlah_Kegiatan_Relawan,Skor_Keaktifan_Kampus,Rekam_Ketidakhadiran,Semester,Status_Kelayakan,Kategori_Ekonomi,Skor_Performa_Dinamis
3.4,77,71,Ada,Tidak,4,55,6,2,1,Rentan,70.0
3.14,98,77,Tidak,Ya,1,55,12,7,0,Stabil,60.1
3.83,73,29,Ada,Tidak,4,52,7,5,0,Stabil,75.85
3.51,88,87,Ada,Ya,5,60,14,2,1,Stabil,74.65
3.01,91,31,Tidak,Tidak,5,91,14,1,0,Stabil,73.35
3.01,59,67,Ada,Ya,0,88,2,5,0,Stabil,62.75
3.53,79,80,Ada,Ya,2,82,5,5,1,Rentan,73.35
2.59,69,93,Ada,Ya,0,65,18,4,0,Rentan,51.85
2.92,88,85,Tidak,Tidak,1,84,6,8,0,Stabil,62.599999999999994
2.34,64,4,Ada,Ya,4,95,20,6,0,Stabil,62.1
3.25,65,45,Tidak,Tidak,4,62,3,6,0,Stabil,69.15
2.99,56,23,Ada,Ya,2,62,17,7,0,Rentan,61.25
2.96,98,7,Ada,Tidak,0,76,15,5,0,Rentan,59.6
3.58,81,95,Ada,Tidak,4,68,6,3,1,Stabil,75.3
3.19,54,79,Ada,Ya,1,57,18,1,0,Stabil,61.25
2.78,58,9,Tidak,Tidak,1,70,2,2,0,Stabil,57.699999999999996
2.69,89,33,Ada,Ya,4,92,3,4,0,Stabil,66.75
3.64,66,5,Tidak,Ya,5,53,2,2,0,Rentan,75.2
3.5,94,16,Ada,Ya,0,73,18,1,1,Rentan,67.1
3.27,76,22,Ada,Ya,4,60,5,5,1,Rentan,69.05
3.15,100,8,Ada,Tidak,3,51,6,7,1,Rentan,63.45
3.08,66,55,Ada,Ya,4,88,13,6,0,Stabil,71.8
3.34,97,79,Ada,Ya,4,77,2,2,1,Rentan,73.5
2.49,74,36,Ada,Ya,3,75,17,2,0,Stabil,58.35
3.43,55,25,Tidak,Ya,5,55,7,4,0,Stabil,72.44999999999999
3.56,74,96,Tidak,Tidak,1,65,4,3,0,Stabil,68.4
2.6,79,20,Tidak,Tidak,3,89,16,2,0,Stabil,62.8
3.64,78,17,Ada,Ya,5,65,8,8,1,Rentan,77.6
3.67,76,45,Tidak,Ya,0,98,18,4,1,Rentan,74.65
2.84,71,50,Tidak,Ya,3,79,4,7,0,Stabil,64.4
3.59,71,60,Tidak,Ya,1,98,13,1,1,Rentan,75.45
3.52,89,59,Ada,Tidak,1,58,15,1,1,Rentan,66.4
3.23,74,13,Tidak,Ya,2,54,18,5,0,Rentan,63.25
3.08,71,81,Ada,Tidak,0,81,3,5,0,Stabil,62.39999999999999
3.79,96,31,Tidak,Ya,3,65,2,8,0,Stabil,75.85
2.99,88,62,Tidak,Ya,2,83,6,8,0,Stabil,65.45
2.88,87,45,Tidak,Ya,1,85,16,4,0,Stabil,62.199999999999996
3.0,63,12,Tidak,Tidak,5,96,18,8,0,Rentan,74.2
3.24,94,61,Ada,Ya,0,56,0,4,1,Rentan,59.800000000000004
3.59,93,31,Ada,Ya,0,59,18,6,1,Rentan,65.65
3.04,53,20,Ada,Tidak,2,90,6,7,0,Stabil,67.6
2.61,95,54,Tidak,Ya,0,54,7,4,0,Rentan,49.95
3.04,86,34,Tidak,Tidak,4,57,14,2,0,Rentan,65.0
3.08,86,60,Ada,Ya,1,86,1,8,1,Rentan,65.39999999999999
3.95,60,97,Tidak,Ya,2,94,15,8,0,Stabil,82.05
3.27,84,80,Tidak,Tidak,0,53,6,1,0,Rentan,59.65
2.43,88,11,Ada,Ya,0,69,17,8,0,Stabil,50.25
3.19,80,76,Tidak,Ya,5,79,17,4,1,Rentan,73.65
3.22,87,70,Tidak,Ya,2,78,17,3,0,Stabil,67.9
4.0,97,4,Tidak,Tidak,3,74,20,7,0,Rentan,80.8
3.12,54,42,Tidak,Ya,5,71,19,3,0,Stabil,71.0
3.32,64,56,Ada,Ya,5,56,20,7,0,Stabil,71.0
3.66,86,79,Ada,Ya,1,61,2,3,1,Rentan,69.1
3.5,79,81,Tidak,Ya,0,54,14,4,1,Rentan,63.3
3.76,94,77,Tidak,Ya,4,92,12,5,1,Rentan,82.8
3.76,93,4,Ada,Tidak,5,90,20,5,0,Stabil,84.4
3.88,73,95,Tidak,Ya,4,66,15,6,1,Stabil,79.39999999999999
3.55,100,86,Tidak,Tidak,4,66,17,2,1,Rentan,74.45
2.78,89,83,Ada,Tidak,4,90,14,5,0,Stabil,67.69999999999999
3.39,73,78,Tidak,Tidak,1,76,20,7,0,Rentan,68.05
2.89,73,58,Tidak,Tidak,0,75,8,7,0,Stabil,58.35
3.07,98,35,Ada,Tidak,1,64,10,2,1,Rentan,60.849999999999994
2.56,51,95,Ada,Tidak,1,53,4,3,0,Rentan,51.0
3.27,100,51,Tidak,Ya,4,91,0,2,0,Stabil,75.25
3.72,87,12,Tidak,Ya,2,88,16,7,1,Stabil,77.4
2.85,92,11,Tidak,Tidak,2,59,15,2,0,Rentan,58.55
3.29,57,36,Tidak,Tidak,4,92,13,7,0,Stabil,75.75
3.54,73,77,Ada,Tidak,2,86,7,5,0,Stabil,74.3
3.27,59,58,Ada,Ya,5,97,16,5,1,Stabil,78.45
2.71,53,53,Ada,Ya,1,78,13,3,0,Stabil,58.25
3.66,69,38,Ada,Tidak,3,75,19,5,1,Rentan,75.9
2.87,82,9,Tidak,Ya,4,75,1,3,0,Rentan,66.05
2.65,94,67,Tidak,Ya,4,77,3,6,0,Stabil,63.15
2.89,99,13,Tidak,Tidak,4,96,20,2,0,Stabil,70.55000000000001
3.68,86,60,Tidak,Tidak,3,90,10,3,0,Rentan,79.19999999999999
3.42,68,74,Ada,Ya,0,89,19,8,1,Rentan,69.1
2.81,71,67,Ada,Tidak,3,52,7,1,0,Rentan,58.55
3.59,54,42,Tidak,Ya,5,85,12,3,0,Stabil,80.85
3.11,74,65,Tidak,Ya,0,92,16,2,0,Stabil,65.05
3.49,100,76,Ada,Tidak,1,92,10,6,1,Rentan,72.75
2.86,89,24,Tidak,Tidak,1,64,17,3,0,Rentan,57.7
2.59,58,91,Tidak,Tidak,1,91,15,6,0,Stabil,59.05
3.48,72,49,Ada,Ya,1,53,12,2,0,Rentan,64.8
3.24,80,2,Ada,Ya,0,78,19,2,0,Stabil,64.2
3.62,53,63,Ada,Tidak,1,90,19,5,0,Stabil,74.3
3.22,55,49,Tidak,Ya,1,83,17,1,0,Stabil,66.9
3.56,90,82,Ada,Ya,1,58,1,8,1,Stabil,67.0
2.96,70,36,Tidak,Ya,1,84,15,8,0,Rentan,63.2
3.58,74,10,Tidak,Ya,3,81,15,6,0,Stabil,75.89999999999999
3.46,88,93,Tidak,Ya,2,94,14,7,1,Rentan,74.7
3.01,51,46,Ada,Ya,5,52,4,7,1,Rentan,65.55
3.23,67,71,Ada,Ya,3,51,5,1,0,Stabil,64.65
3.03,54,85,Tidak,Tidak,1,95,14,2,0,Stabil,66.44999999999999
3.23,82,3,Ada,Tidak,1,62,4,6,0,Stabil,62.849999999999994
3.23,83,82,Tidak,Ya,5,86,2,6,0,Stabil,75.64999999999999
2.77,53,44,Ada,Ya,1,69,5,2,0,Stabil,57.349999999999994
3.22,87,72,Ada,Ya,4,92,19,5,1,Stabil,74.7
2.94,84,38,Tidak,Tidak,3,80,7,1,0,Rentan,66.1
3.62,95,40,Tidak,Ya,1,75,4,8,0,Rentan,71.3
2.95,60,63,Tidak,Tidak,4,62,5,4,0,Stabil,64.65
3.4,88,17,Tidak,Ya,0,84,0,5,0,Stabil,67.8
3.55,74,50,Tidak,Ya,4,89,19,5,0,Stabil,79.05
3.33,58,41,Tidak,Ya,0,83,14,6,0,Stabil,66.55
2.56,80,92,Ada,Ya,5,71,3,6,1,Stabil,62.6
2.59,74,24,Ada,Ya,5,52,18,1,0,Rentan,59.25
3.01,97,67,Ada,Tidak,3,83,6,1,0,Rentan,67.75
3.11,94,28,Tidak,Tidak,5,62,7,7,0,Stabil,69.05
3.95,57,91,Tidak,Tidak,5,72,4,5,0,Stabil,83.65
3.1,58,81,Ada,Ya,4,65,1,2,1,Rentan,67.5
2.7,80,98,Tidak,Ya,1,98,9,1,0,Stabil,62.1
3.78,61,42,Tidak,Ya,3,50,9,2,1,Rentan,72.69999999999999
2.63,79,22,Tidak,Tidak,2,50,10,8,0,Rentan,53.449999999999996
3.28,50,38,Tidak,Ya,2,65,14,7,0,Rentan,66.19999999999999
2.96,95,28,Tidak,Ya,5,90,9,1,0,Rentan,72.4
3.83,98,9,Ada,Tidak,5,83,14,3,0,Stabil,84.05
2.7,93,58,Ada,Ya,4,55,16,2,0,Stabil,59.5
3.31,50,69,Ada,Tidak,3,52,13,3,0,Rentan,66.05
2.95,91,48,Tidak,Ya,5,74,14,1,0,Stabil,69.05
2.96,98,29,Ada,Ya,1,79,17,2,0,Stabil,62.2
3.54,51,76,Ada,Tidak,4,54,3,4,1,Stabil,71.9
2.95,68,30,Ada,Tidak,0,86,19,1,0,Stabil,61.45
3.55,61,100,Tidak,Ya,4,53,11,5,1,Stabil,71.85
3.71,59,49,Tidak,Tidak,2,85,13,6,0,Stabil,76.65
2.96,93,61,Ada,Tidak,0,62,18,4,0,Rentan,56.8
3.53,94,48,Ada,Tidak,3,65,17,4,1,Rentan,71.94999999999999
3.53,73,2,Tidak,Tidak,2,52,18,6,0,Stabil,67.35
3.1,93,58,Tidak,Ya,4,98,15,5,0,Rentan,74.1
3.54,54,8,Ada,Tidak,4,76,4,3,0,Stabil,76.3
3.33,51,68,Ada,Tidak,3,50,0,3,0,Stabil,65.94999999999999
3.15,83,58,Tidak,Ya,1,67,12,5,0,Stabil,62.65
3.68,90,72,Ada,Ya,4,55,15,4,1,Rentan,74.19999999999999
2.72,52,9,Ada,Ya,4,51,6,1,0,Stabil,59.0
2.36,82,43,Tidak,Tidak,5,56,13,5,0,Stabil,56.6
3.91,93,91,Tidak,Ya,3,99,19,7,1,Stabil,84.45
3.37,98,71,Tidak,Ya,2,58,2,2,1,Rentan,66.15
2.97,76,73,Tidak,Ya,3,96,17,7,0,Stabil,69.75
3.03,80,76,Ada,Ya,2,66,7,3,1,Stabil,62.65
3.28,77,61,Ada,Ya,2,70,19,4,1,Stabil,67.19999999999999
3.66,67,87,Tidak,Ya,1,57,18,3,1,Stabil,68.3
3.01,58,9,Tidak,Tidak,3,66,4,1,0,Rentan,64.35
3.32,84,21,Ada,Tidak,2,99,7,8,0,Stabil,73.6
3.79,85,44,Ada,Ya,4,73,12,1,1,Stabil,79.45
2.93,72,5,Tidak,Ya,1,78,14,8,0,Rentan,61.55
3.18,77,50,Tidak,Ya,1,75,20,2,0,Rentan,64.69999999999999
3.71,54,33,Ada,Ya,5,73,10,1,1,Stabil,80.25
3.51,95,39,Tidak,Ya,1,93,4,8,0,Stabil,73.25
3.06,90,57,Ada,Ya,3,81,9,2,1,Rentan,68.1
3.38,81,97,Tidak,Ya,3,81,5,1,0,Stabil,72.89999999999999
3.23,57,69,Ada,Ya,3,99,17,4,0,Rentan,74.25
3.59,72,90,Ada,Ya,0,57,7,1,1,Stabil,65.25
3.78,70,17,Tidak,Ya,4,86,8,7,0,Rentan,81.89999999999999
3.58,93,48,Tidak,Ya,1,59,18,7,1,Rentan,67.5
3.16,96,27,Ada,Ya,0,90,11,2,0,Stabil,65.4
3.59,93,2,Ada,Ya,3,56,20,7,1,Stabil,71.05
2.35,73,80,Tidak,Ya,2,73,20,3,0,Stabil,53.85
2.99,93,88,Tidak,Ya,4,50,10,5,1,Rentan,62.85
3.58,98,56,Ada,Tidak,1,54,16,8,1,Rentan,66.5
2.97,74,31,Tidak,Ya,0,70,4,4,0,Stabil,58.55
3.48,100,67,Ada,Tidak,2,74,3,5,0,Stabil,71.0
3.15,99,5,Ada,Tidak,3,87,2,1,0,Rentan,70.65
3.67,59,19,Tidak,Ya,4,69,2,1,0,Stabil,76.85
3.01,77,15,Ada,Tidak,0,89,19,6,0,Rentan,62.95
3.15,58,34,Tidak,Tidak,2,99,0,1,0,Rentan,71.05
3.7,60,5,Tidak,Ya,4,86,3,2,1,Rentan,80.7
3.3,64,73,Tidak,Tidak,5,76,10,4,0,Stabil,74.7
3.32,68,25,Tidak,Tidak,0,55,17,6,0,Rentan,60.8
2.77,84,81,Ada,Tidak,1,50,13,5,0,Rentan,53.55
3.14,53,89,Ada,Ya,1,55,1,1,0,Stabil,60.1
3.33,53,50,Tidak,Tidak,0,65,9,6,0,Rentan,62.949999999999996
2.9,78,57,Tidak,Ya,1,76,3,6,0,Rentan,60.7
3.1,70,65,Ada,Tidak,4,95,7,5,0,Rentan,73.5
3.59,100,16,Ada,Ya,0,50,1,1,1,Rentan,63.85
3.46,91,6,Tidak,Ya,0,55,10,7,0,Rentan,62.9
3.75,67,82,Tidak,Ya,1,59,1,3,0,Stabil,70.05
2.51,83,44,Ada,Ya,1,74,11,5,0,Stabil,54.44999999999999
3.78,80,34,Tidak,Tidak,2,60,3,6,1,Rentan,72.69999999999999
3.59,87,63,Ada,Ya,5,86,18,1,1,Stabil,81.05
3.33,89,7,Ada,Ya,0,71,5,5,1,Rentan,64.14999999999999
3.35,71,81,Tidak,Tidak,3,58,5,3,0,Stabil,67.85
3.19,96,98,Tidak,Ya,1,61,0,8,0,Stabil,62.050000000000004
3.35,72,57,Tidak,Ya,5,90,2,1,0,Rentan,78.25
2.82,60,61,Tidak,Ya,3,74,11,1,0,Rentan,63.099999999999994
3.17,74,90,Ada,Ya,2,85,2,4,1,Rentan,68.55
3.58,96,73,Tidak,Tidak,3,69,7,7,0,Stabil,73.5
2.87,51,14,Ada,Tidak,3,90,9,8,0,Rentan,67.05
2.98,78,72,Ada,Ya,3,78,14,5,1,Rentan,66.3
2.63,74,50,Tidak,Ya,4,86,7,3,0,Stabil,64.64999999999999
3.12,93,40,Tidak,Ya,3,90,4,1,0,Stabil,70.8
2.92,89,13,Tidak,Tidak,0,76,4,2,0,Stabil,59.0
3.29,67,4,Tidak,Ya,3,89,19,2,0,Stabil,73.15
3.45,81,99,Ada,Ya,2,58,9,7,1,Rentan,67.35
3.5,73,17,Ada,Ya,3,54,9,5,1,Rentan,69.3
3.09,67,87,Tidak,Ya,2,82,12,1,0,Rentan,66.75
2.28,94,28,Ada,Ya,2,51,12,1,0,Stabil,48.4
3.43,50,54,Ada,Tidak,5,88,9,4,0,Stabil,79.05
3.32,82,35,Tidak,Tidak,4,69,3,7,0,Rentan,71.6
3.81,70,53,Ada,Tidak,4,91,15,6,0,Stabil,83.35
2.22,92,60,Tidak,Ya,3,60,17,7,0,Rentan,51.300000000000004
3.13,97,59,Tidak,Tidak,1,100,10,3,0,Stabil,68.94999999999999
3.18,53,18,Ada,Tidak,4,62,10,2,0,Rentan,68.1
2.89,98,81,Ada,Ya,3,81,2,6,1,Stabil,65.55
3.06,98,28,Ada,Ya,0,93,0,7,0,Stabil,64.5
4.0,79,45,Tidak,Tidak,2,93,4,6,0,Stabil,82.6
3.61,82,81,Ada,Ya,5,73,20,4,1,Stabil,78.75
2.85,94,84,Ada,Ya,4,94,20,1,0,Rentan,69.55
2.65,81,45,Ada,Ya,0,99,8,2,1,Rentan,59.55
2.94,55,92,Ada,Ya,0,59,2,7,0,Stabil,55.900000000000006
3.01,73,1,Tidak,Tidak,0,97,3,2,0,Stabil,64.55
3.22,75,14,Tidak,Tidak,1,74,15,3,0,Stabil,65.1
2.87,74,14,Tidak,Ya,3,93,4,3,0,Rentan,67.65
2.97,86,55,Ada,Tidak,5,83,16,7,0,Rentan,71.15
3.5,80,35,Tidak,Tidak,1,54,15,4,0,Stabil,65.3
2.53,81,13,Tidak,Tidak,3,57,15,1,0,Stabil,55.349999999999994
3.42,91,42,Tidak,Tidak,4,73,1,7,0,Stabil,73.9
3.31,68,13,Tidak,Ya,5,52,5,8,0,Rentan,70.05
2.1,90,63,Ada,Ya,3,79,18,5,0,Stabil,53.3
2.59,61,64,Ada,Tidak,1,74,19,1,0,Stabil,55.650000000000006
3.52,88,26,Tidak,Ya,1,95,17,7,0,Rentan,73.8
3.14,98,86,Tidak,Tidak,2,87,18,5,1,Rentan,68.5
3.04,100,88,Ada,Tidak,1,93,8,5,0,Stabil,66.2
2.96,97,48,Tidak,Tidak,4,82,9,5,0,Rentan,68.8
3.5,90,87,Tidak,Ya,3,99,6,7,1,Stabil,78.3
3.43,66,76,Ada,Ya,1,79,4,3,0,Rentan,69.25
3.12,100,28,Ada,Ya,1,84,17,1,0,Stabil,65.6
3.23,92,5,Tidak,Ya,5,65,20,4,1,Stabil,71.44999999999999
3.14,73,41,Tidak,Ya,4,52,9,6,0,Rentan,65.5
3.07,77,95,Ada,Tidak,1,84,13,2,0,Stabil,64.85
3.07,64,40,Tidak,Tidak,4,74,14,3,0,Stabil,68.85
3.09,54,97,Tidak,Tidak,4,68,9,1,0,Stabil,67.95
3.58,90,70,Ada,Tidak,4,93,20,8,1,Rentan,80.3
3.62,76,24,Ada,Tidak,5,61,7,3,0,Stabil,76.5
2.86,56,12,Ada,Ya,5,71,11,2,0,Rentan,67.1
3.56,86,100,Tidak,Ya,4,77,5,5,0,Stabil,76.8
3.24,69,17,Tidak,Ya,3,61,20,4,0,Stabil,66.80000000000001
3.34,99,83,Ada,Tidak,4,85,8,4,1,Rentan,75.1
3.03,65,94,Ada,Ya,4,78,5,6,1,Stabil,69.05
2.76,100,83,Tidak,Ya,1,80,14,6,0,Stabil,59.4
2.87,74,66,Tidak,Ya,1,83,8,6,0,Stabil,61.65
3.71,54,84,Tidak,Tidak,3,59,5,7,0,Stabil,73.45
3.02,51,80,Ada,Ya,5,58,18,4,1,Rentan,66.9
3.59,96,61,Tidak,Ya,0,63,14,1,1,Rentan,66.45
3.59,88,25,Ada,Tidak,2,74,12,4,1,Rentan,72.65
2.78,55,66,Tidak,Tidak,4,88,17,7,0,Rentan,67.3
2.99,98,10,Ada,Ya,4,58,8,7,0,Stabil,64.45
3.27,63,33,Tidak,Ya,0,73,3,5,0,Rentan,63.65
4.0,85,94,Tidak,Ya,1,69,18,7,1,Stabil,75.8
3.29,93,18,Ada,Ya,4,74,20,2,0,Rentan,72.15
3.38,83,1,Tidak,Tidak,3,99,5,8,0,Rentan,76.5
3.84,50,51,Ada,Tidak,2,67,12,4,0,Stabil,75.0
3.0,67,22,Ada,Ya,4,79,12,4,1,Rentan,68.8
4.0,78,87,Tidak,Tidak,4,99,7,2,0,Stabil,87.8
3.41,70,31,Tidak,Ya,5,83,17,8,0,Rentan,77.75
2.8,97,33,Ada,Ya,4,97,6,5,0,Stabil,69.4
2.54,92,47,Tidak,Ya,0,98,17,4,0,Rentan,57.7
3.07,83,87,Tidak,Ya,4,84,1,6,1,Stabil,70.85
3.87,73,78,Tidak,Ya,4,85,8,8,0,Stabil,83.05
3.2,61,48,Ada,Ya,3,56,8,6,0,Stabil,65.2
2.67,96,50,Tidak,Ya,5,69,8,4,0,Rentan,63.849999999999994
3.09,85,73,Tidak,Ya,2,51,13,2,1,Rentan,60.550000000000004
2.76,59,9,Ada,Ya,2,76,20,3,0,Stabil,60.6
3.21,78,16,Tidak,Tidak,3,76,5,2,0,Stabil,69.35
3.19,51,83,Tidak,Ya,3,56,8,4,1,Rentan,65.05000000000001
4.0,72,17,Tidak,Tidak,0,79,17,5,0,Stabil,75.8
2.76,64,38,Ada,Ya,2,69,11,3,0,Stabil,59.2
2.14,80,0,Tidak,Tidak,3,99,13,1,0,Rentan,57.900000000000006
3.64,64,36,Tidak,Tidak,3,77,20,6,0,Stabil,76.0
3.32,89,23,Tidak,Ya,3,70,0,5,1,Rentan,69.8
3.1,69,7,Tidak,Ya,1,79,1,5,0,Stabil,64.3
2.76,95,25,Ada,Tidak,0,99,14,5,0,Stabil,61.2
3.9,52,6,Ada,Tidak,1,80,20,8,0,Rentan,76.5
3.57,50,31,Ada,Ya,3,94,19,4,0,Stabil,78.35
3.71,56,56,Ada,Tidak,5,64,10,3,0,Stabil,78.45
3.49,84,93,Tidak,Ya,3,86,5,4,0,Stabil,75.55
2.75,79,99,Ada,Ya,2,96,5,8,0,Stabil,64.45
2.99,68,5,Tidak,Ya,4,91,10,4,0,Stabil,71.05
3.4,83,1,Tidak,Ya,3,73,7,3,0,Rentan,71.6
3.53,100,9,Ada,Tidak,3,83,1,4,1,Rentan,75.55
2.82,85,89,Tidak,Ya,5,99,20,2,0,Stabil,72.1
3.44,72,92,Tidak,Ya,4,73,13,7,0,Rentan,74.2
3.08,50,0,Ada,Tidak,3,88,0,6,0,Rentan,69.8
3.33,59,46,Ada,Ya,4,79,11,5,1,Stabil,73.75
2.7,100,76,Tidak,Ya,0,81,18,4,0,Stabil,56.7
2.92,57,67,Ada,Tidak,3,90,20,5,0,Stabil,67.8
2.64,78,16,Ada,Ya,5,77,9,1,0,Rentan,65.0
2.37,58,71,Tidak,Ya,5,81,12,6,0,Rentan,61.75
3.88,62,21,Tidak,Tidak,3,88,20,4,0,Stabil,81.8
3.18,57,1,Ada,Ya,5,89,4,6,0,Stabil,75.5
3.64,66,32,Tidak,Ya,4,94,0,6,0,Stabil,81.4
3.32,92,29,Tidak,Ya,5,51,9,3,0,Stabil,70.0
2.52,95,50,Ada,Ya,3,65,16,7,0,Stabil,56.8
2.68,53,19,Tidak,Tidak,4,51,17,3,0,Stabil,58.4
3.24,76,57,Ada,Tidak,5,77,9,6,1,Rentan,74.0
2.55,77,23,Ada,Tidak,4,70,2,3,0,Stabil,60.24999999999999
3.42,67,77,Ada,Tidak,5,56,4,6,0,Stabil,72.5
3.85,91,24,Tidak,Ya,4,74,15,4,1,Rentan,80.55
3.83,78,77,Tidak,Tidak,1,79,7,1,1,Rentan,75.25
2.95,52,24,Ada,Ya,3,97,1,6,0,Stabil,69.65
3.21,59,50,Tidak,Ya,0,55,16,5,0,Stabil,59.15
2.63,94,10,Ada,Tidak,0,55,3,7,0,Rentan,50.449999999999996
3.43,59,36,Ada,Tidak,1,76,9,7,0,Stabil,68.64999999999999
2.81,50,52,Tidak,Ya,3,63,18,3,0,Rentan,60.75
3.62,59,42,Ada,Ya,1,52,4,8,1,Rentan,66.7
2.97,85,11,Ada,Tidak,4,97,18,1,0,Rentan,71.95
3.25,94,78,Tidak,Ya,3,83,13,5,0,Stabil,71.35
3.06,88,16,Tidak,Tidak,5,83,18,1,0,Stabil,72.5
3.3,90,44,Ada,Ya,0,89,13,8,0,Rentan,67.3
2.95,71,22,Tidak,Ya,0,96,18,4,0,Stabil,63.45
3.92,84,66,Tidak,Ya,3,100,13,4,1,Stabil,84.8
2.49,74,90,Ada,Ya,0,61,19,6,0,Stabil,49.550000000000004
3.66,61,56,Ada,Tidak,1,100,1,6,0,Rentan,76.9
3.17,56,0,Ada,Ya,2,96,1,1,0,Rentan,70.75
3.45,86,68,Tidak,Tidak,5,70,6,5,1,Rentan,75.75
3.42,72,9,Tidak,Ya,0,59,9,8,0,Rentan,63.099999999999994
3.63,77,78,Tidak,Ya,3,95,19,5,1,Rentan,79.44999999999999
3.53,79,78,Tidak,Tidak,5,80,7,5,0,Stabil,78.94999999999999
3.25,79,65,Ada,Ya,0,99,11,5,0,Stabil,68.55
3.18,76,8,Ada,Ya,3,85,5,2,1,Rentan,70.69999999999999
3.47,95,56,Tidak,Ya,5,87,19,4,0,Stabil,79.45
2.64,91,96,Ada,Tidak,3,63,4,3,1,Rentan,58.2
3.4,100,78,Tidak,Tidak,2,95,11,3,0,Stabil,74.0
2.78,68,91,Ada,Ya,2,77,18,7,1,Rentan,61.099999999999994
3.71,59,18,Tidak,Ya,2,58,0,7,0,Rentan,71.25
3.78,77,49,Ada,Tidak,5,82,13,8,1,Rentan,83.1
3.28,86,14,Tidak,Ya,3,52,18,4,1,Rentan,65.6
3.23,80,60,Ada,Ya,4,89,1,8,1,Stabil,74.25
3.63,86,84,Tidak,Ya,2,90,15,8,1,Stabil,76.44999999999999
4.0,50,22,Ada,Tidak,2,87,4,1,1,Rentan,81.4
3.05,59,92,Tidak,Tidak,4,99,12,4,0,Stabil,73.55
3.03,80,60,Tidak,Ya,1,97,17,3,0,Stabil,66.85
3.09,52,42,Ada,Ya,4,77,19,5,0,Stabil,69.75
2.8,87,86,Ada,Tidak,1,93,5,5,0,Rentan,62.6
2.89,52,76,Ada,Ya,2,53,19,1,1,Rentan,57.95
3.19,66,98,Tidak,Tidak,0,92,2,2,0,Rentan,66.25
3.29,66,78,Ada,Tidak,2,54,15,7,1,Rentan,64.15
3.13,56,2,Ada,Ya,3,54,18,3,0,Stabil,63.75
2.87,82,69,Tidak,Tidak,3,77,12,8,0,Rentan,64.44999999999999
3.27,53,97,Ada,Ya,5,84,10,4,0,Stabil,75.85
3.4,72,4,Tidak,Ya,0,90,14,5,0,Rentan,69.0
2.99,78,51,Ada,Tidak,3,71,1,4,0,Rentan,65.05000000000001
2.96,59,1,Tidak,Ya,0,80,19,2,0,Stabil,60.4
3.77,88,41,Ada,Ya,0,62,13,3,1,Rentan,68.95
2.97,76,17,Ada,Ya,2,85,5,3,0,Rentan,65.55
3.28,68,66,Tidak,Tidak,5,94,4,2,0,Rentan,78.0
2.59,90,15,Tidak,Tidak,4,76,0,8,0,Rentan,62.050000000000004
3.05,57,6,Ada,Tidak,2,81,5,2,0,Stabil,65.95
3.43,100,92,Ada,Tidak,4,82,3,6,1,Rentan,75.85
3.13,74,18,Ada,Ya,3,80,18,6,0,Stabil,68.94999999999999
2.88,58,58,Ada,Ya,2,67,4,4,0,Stabil,60.599999999999994
2.99,86,75,Ada,Tidak,4,76,16,7,1,Rentan,68.05000000000001
3.29,86,54,Ada,Ya,4,52,1,8,1,Stabil,67.75
3.47,63,2,Ada,Tidak,5,68,7,7,0,Rentan,75.65
3.94,95,80,Tidak,Tidak,3,100,11,8,1,Stabil,85.1
3.53,55,49,Tidak,Ya,1,82,11,7,0,Stabil,71.35
3.4,58,96,Tidak,Ya,5,84,3,6,0,Stabil,77.8
3.05,82,57,Ada,Ya,2,95,17,4,1,Rentan,68.75
2.87,67,37,Ada,Ya,0,81,4,6,0,Stabil,59.25
3.28,64,62,Tidak,Ya,0,87,10,7,0,Stabil,66.6
3.22,99,79,Ada,Ya,2,72,9,8,1,Rentan,66.69999999999999
3.08,73,18,Ada,Ya,1,85,1,5,0,Rentan,65.19999999999999
3.29,79,82,Tidak,Ya,3,50,17,6,1,Rentan,65.35
3.27,80,51,Ada,Ya,5,93,17,5,1,Rentan,77.65
3.36,55,77,Tidak,Ya,2,82,12,4,0,Stabil,70.8
3.05,85,56,Ada,Ya,2,96,14,1,0,Stabil,68.95
3.27,80,81,Tidak,Ya,1,87,12,5,0,Stabil,68.45
3.35,52,3,Tidak,Tidak,2,81,17,5,0,Stabil,70.45
2.99,91,76,Ada,Ya,3,57,8,1,0,Stabil,62.25
3.15,86,59,Ada,Tidak,2,60,18,6,1,Rentan,63.25
2.39,90,76,Ada,Ya,2,99,20,3,1,Stabil,59.650000000000006
2.71,59,52,Ada,Ya,4,83,9,6,0,Stabil,65.25
3.13,83,2,Ada,Ya,5,79,2,6,1,Rentan,72.75
3.65,51,16,Ada,Tidak,1,58,4,6,0,Rentan,68.35
3.72,56,8,Ada,Ya,3,80,3,4,0,Stabil,77.8
3.46,59,64,Tidak,Ya,2,72,5,5,0,Rentan,70.3
3.16,96,56,Ada,Ya,4,82,15,2,1,Rentan,71.8
3.18,57,10,Ada,Ya,2,98,11,2,0,Stabil,71.3
3.3,76,86,Tidak,Tidak,3,62,2,6,0,Stabil,67.9
3.23,75,43,Tidak,Tidak,0,97,5,6,0,Stabil,67.85
3.11,100,65,Tidak,Tidak,4,80,19,4,0,Stabil,70.65
3.34,97,77,Ada,Tidak,1,81,0,5,1,Rentan,68.3
3.38,92,97,Tidak,Tidak,3,82,8,6,1,Rentan,73.1
3.7,99,62,Tidak,Ya,4,81,13,7,1,Stabil,79.7
3.4,72,46,Tidak,Ya,3,53,0,8,0,Rentan,67.6
2.93,65,39,Ada,Ya,2,91,9,6,0,Stabil,66.14999999999999
3.92,67,73,Ada,Ya,4,87,0,2,1,Stabil,84.2
2.56,89,68,Tidak,Ya,5,77,6,6,0,Rentan,63.8
3.43,56,54,Tidak,Tidak,5,54,18,4,0,Stabil,72.25
3.13,89,73,Tidak,Ya,3,51,20,4,1,Stabil,63.15
2.92,73,55,Tidak,Tidak,0,65,4,4,0,Stabil,56.8
3.51,88,31,Ada,Ya,1,65,3,7,1,Rentan,67.65
3.37,67,10,Ada,Ya,0,96,15,8,0,Stabil,69.75
3.2,65,63,Ada,Ya,5,83,18,6,0,Stabil,74.6
2.74,63,52,Ada,Tidak,1,61,6,2,0,Stabil,55.300000000000004
3.28,100,82,Ada,Ya,1,80,11,5,0,Stabil,67.19999999999999
2.38,93,32,Ada,Tidak,2,78,12,1,0,Rentan,55.3
2.8,52,42,Tidak,Tidak,5,99,15,5,0,Rentan,71.8
3.09,79,82,Ada,Tidak,4,91,20,7,1,Rentan,72.55
3.76,91,33,Ada,Ya,5,100,10,1,1,Stabil,86.4
3.57,51,6,Ada,Tidak,4,79,6,6,0,Stabil,77.35
3.92,99,100,Tidak,Ya,5,57,7,7,1,Rentan,80.2
3.34,76,30,Ada,Tidak,5,100,4,5,0,Stabil,80.1
3.25,63,71,Tidak,Ya,5,97,19,8,0,Stabil,78.15
3.58,52,85,Ada,Tidak,4,82,19,1,1,Rentan,78.1
2.79,95,63,Tidak,Tidak,1,66,3,3,0,Rentan,57.050000000000004
2.99,81,23,Ada,Ya,1,53,6,5,0,Stabil,57.45
2.75,79,26,Tidak,Ya,5,96,4,1,0,Stabil,70.45
3.43,50,42,Ada,Ya,4,54,7,5,0,Stabil,70.25
3.1,55,42,Tidak,Ya,2,79,20,1,1,Rentan,66.3
2.53,88,11,Tidak,Tidak,5,75,8,8,0,Rentan,62.949999999999996
2.58,69,62,Ada,Ya,3,92,3,1,0,Stabil,63.099999999999994
4.0,90,86,Tidak,Tidak,4,52,16,8,1,Stabil,78.4
3.46,58,70,Tidak,Tidak,3,83,13,3,0,Stabil,74.5
2.57,87,50,Ada,Tidak,2,57,14,2,0,Stabil,53.949999999999996
3.36,71,86,Ada,Tidak,4,61,2,1,0,Stabil,70.6
2.93,92,38,Tidak,Ya,5,89,19,2,0,Rentan,71.75
3.19,59,98,Ada,Tidak,1,90,17,2,0,Rentan,67.85
3.67,78,6,Ada,Ya,3,68,18,8,1,Rentan,74.65
3.66,75,73,Tidak,Tidak,2,64,1,1,0,Stabil,71.7
2.5,51,29,Ada,Tidak,3,96,6,6,0,Stabil,62.7
2.68,73,85,Tidak,Tidak,5,89,6,4,0,Stabil,68.0
3.66,63,22,Ada,Tidak,3,72,8,8,1,Rentan,75.3
2.36,99,90,Ada,Ya,2,59,16,1,1,Rentan,51.2
3.3,56,90,Ada,Tidak,4,63,11,8,1,Rentan,70.1
3.8,50,34,Ada,Ya,3,71,9,8,0,Stabil,77.2
3.54,76,91,Tidak,Ya,3,51,14,6,1,Rentan,69.30000000000001
3.07,59,92,Ada,Tidak,5,76,12,2,0,Stabil,71.25
4.0,89,38,Tidak,Ya,1,100,20,6,0,Stabil,82.0
3.07,55,69,Tidak,Ya,4,98,20,2,0,Stabil,73.65
2.98,82,38,Tidak,Ya,2,53,20,5,0,Stabil,59.3
3.15,88,91,Ada,Tidak,5,69,9,1,1,Rentan,71.05
2.79,53,86,Tidak,Tidak,3,80,6,4,0,Rentan,63.85
3.26,60,88,Ada,Tidak,5,81,14,7,0,Stabil,75.1
3.38,68,38,Ada,Ya,0,57,11,4,0,Rentan,62.099999999999994
3.64,97,53,Tidak,Tidak,2,57,17,5,1,Rentan,70.0
2.78,78,49,Tidak,Ya,5,96,10,5,0,Stabil,70.9
2.95,86,72,Tidak,Ya,1,91,17,4,0,Rentan,64.45
3.97,95,62,Tidak,Ya,1,84,19,4,1,Rentan,78.35
3.59,68,86,Ada,Ya,0,66,2,6,1,Rentan,67.05
3.32,57,65,Ada,Ya,2,65,19,1,1,Rentan,66.8
2.76,51,38,Tidak,Ya,5,65,17,7,0,Stabil,64.4
3.85,77,83,Tidak,Ya,1,50,14,7,1,Stabil,69.75
3.17,63,11,Tidak,Ya,2,60,17,1,0,Stabil,63.55
3.33,71,43,Tidak,Tidak,2,67,7,7,0,Stabil,67.35
3.68,50,100,Ada,Ya,3,85,15,4,1,Stabil,78.19999999999999
2.71,61,1,Ada,Ya,4,79,11,2,0,Stabil,64.45
3.13,81,0,Tidak,Tidak,1,67,15,4,0,Stabil,62.349999999999994
3.21,93,33,Ada,Ya,5,87,4,4,1,Stabil,75.55
3.84,77,63,Ada,Tidak,3,77,13,4,1,Rentan,79.0
2.86,51,39,Ada,Ya,0,54,7,1,0,Stabil,53.7
2.68,80,9,Ada,Tidak,2,53,10,2,0,Stabil,54.8
2.96,58,8,Ada,Tidak,5,53,9,8,0,Rentan,65.0
2.3,100,43,Ada,Tidak,1,74,14,2,0,Stabil,51.3
2.93,58,23,Tidak,Ya,1,76,15,1,0,Rentan,61.15
2.74,84,47,Ada,Tidak,2,80,9,4,0,Rentan,61.1
2.59,62,76,Ada,Ya,1,62,15,1,0,Stabil,53.25
3.47,50,94,Ada,Tidak,0,79,19,6,0,Stabil,67.85
3.43,68,5,Tidak,Ya,4,90,18,6,0,Rentan,77.44999999999999
3.1,51,48,Ada,Tidak,1,56,0,1,0,Rentan,59.7
3.36,89,24,Tidak,Tidak,4,57,4,2,0,Stabil,69.8
3.19,84,16,Tidak,Ya,4,70,7,4,0,Stabil,69.85
2.82,73,91,Tidak,Ya,5,61,10,8,0,Stabil,64.5
3.59,65,47,Tidak,Ya,1,69,13,8,0,Stabil,69.65
2.95,71,40,Tidak,Ya,3,79,13,5,0,Rentan,66.05
2.81,82,4,Ada,Tidak,2,64,3,5,0,Stabil,58.95
3.11,88,100,Ada,Tidak,2,50,9,4,0,Stabil,60.65
3.94,96,92,Ada,Tidak,3,64,16,7,1,Rentan,77.89999999999999
3.29,58,43,Ada,Ya,4,97,0,6,0,Rentan,76.75
3.19,58,48,Ada,Ya,4,86,20,4,0,Stabil,73.05
3.42,55,3,Ada,Tidak,5,93,17,4,0,Stabil,79.9
3.22,83,16,Ada,Ya,3,70,13,3,0,Stabil,68.3
3.22,60,18,Tidak,Ya,5,82,14,7,0,Stabil,74.7
2.64,55,53,Tidak,Ya,4,72,9,8,0,Rentan,62.0
3.9,52,89,Ada,Ya,3,67,20,4,1,Stabil,77.9
2.91,60,81,Tidak,Ya,2,82,1,8,0,Stabil,64.05
3.56,70,91,Tidak,Ya,5,79,2,8,0,Stabil,79.2
2.87,84,56,Tidak,Tidak,1,54,0,8,0,Stabil,55.849999999999994
4.0,91,6,Ada,Ya,5,94,9,6,1,Rentan,88.8
3.69,93,53,Ada,Tidak,2,56,5,4,1,Rentan,70.55
3.85,72,49,Tidak,Ya,1,50,12,2,0,Rentan,69.75
3.33,88,32,Tidak,Tidak,3,95,17,4,0,Stabil,74.94999999999999
3.2,92,48,Tidak,Tidak,5,71,0,2,0,Stabil,72.2
3.87,73,30,Tidak,Ya,0,62,4,4,1,Rentan,70.45
2.98,64,87,Tidak,Ya,2,65,6,8,0,Stabil,61.699999999999996
3.43,59,30,Ada,Ya,1,55,5,4,0,Rentan,64.44999999999999
3.85,86,50,Tidak,Ya,1,67,15,2,0,Stabil,73.15
2.97,74,70,Tidak,Ya,3,98,9,7,0,Stabil,70.15
2.79,80,62,Ada,Ya,2,62,0,3,0,Stabil,58.25
3.21,57,65,Tidak,Ya,3,62,13,7,0,Stabil,66.55
2.89,93,32,Ada,Ya,2,66,19,8,0,Stabil,60.550000000000004
3.61,62,75,Tidak,Ya,0,77,8,4,1,Rentan,69.55
3.24,50,67,Ada,Tidak,3,50,3,7,0,Stabil,64.6
3.69,57,97,Tidak,Ya,1,61,6,7,1,Rentan,69.55
2.72,71,1,Ada,Ya,0,80,15,5,0,Rentan,56.8
3.24,83,47,Tidak,Ya,0,80,10,1,0,Rentan,64.6
2.93,50,67,Tidak,Tidak,2,96,4,6,0,Stabil,67.15
2.83,73,51,Ada,Tidak,2,93,14,5,0,Stabil,65.05
3.23,83,21,Ada,Ya,1,81,2,2,0,Stabil,66.64999999999999
3.64,77,92,Ada,Tidak,5,70,12,8,1,Stabil,78.6
3.44,99,29,Ada,Tidak,1,74,12,8,0,Stabil,68.4
3.69,86,39,Tidak,Tidak,5,70,12,4,1,Rentan,79.35
3.26,64,18,Ada,Ya,5,50,17,4,0,Stabil,68.9
2.99,70,63,Tidak,Tidak,5,67,18,5,0,Stabil,68.25
3.34,53,2,Ada,Tidak,1,96,12,5,0,Stabil,71.30000000000001
2.89,62,90,Tidak,Tidak,2,58,10,7,0,Stabil,58.95
2.67,62,48,Ada,Ya,1,96,18,5,0,Rentan,61.25
2.76,87,30,Tidak,Ya,4,90,12,7,0,Rentan,67.4
2.34,99,1,Tidak,Tidak,5,67,20,7,0,Rentan,58.5
3.02,94,38,Ada,Ya,4,74,15,2,1,Stabil,68.1
3.67,83,96,Tidak,Ya,4,83,18,3,1,Stabil,79.65
2.72,91,10,Ada,Ya,1,85,8,2,0,Rentan,59.8
3.06,68,77,Tidak,Ya,4,86,15,2,0,Stabil,71.1
4.0,88,9,Ada,Tidak,1,67,4,4,1,Rentan,75.4
3.08,63,72,Ada,Tidak,5,90,20,5,0,Rentan,74.19999999999999
3.05,84,42,Ada,Tidak,0,54,10,3,0,Stabil,56.55
2.8,100,12,Ada,Tidak,3,83,9,5,0,Rentan,64.6
3.4,93,84,Tidak,Ya,2,87,4,6,1,Rentan,72.4
3.22,76,35,Tidak,Tidak,1,78,11,3,0,Rentan,65.9
3.31,55,1,Ada,Tidak,0,55,9,7,0,Rentan,60.65
2.88,97,94,Ada,Ya,4,94,17,7,1,Stabil,70.0
2.92,77,86,Tidak,Ya,2,60,11,1,0,Stabil,59.8
3.17,69,78,Ada,Tidak,3,89,15,4,0,Stabil,71.35
2.95,62,19,Ada,Ya,0,76,3,8,0,Rentan,59.45
3.08,78,45,Tidak,Ya,2,58,11,5,0,Stabil,61.8
3.58,80,41,Tidak,Tidak,1,76,15,4,0,Rentan,70.89999999999999
2.61,93,36,Tidak,Ya,5,88,0,7,0,Rentan,66.75
3.15,94,89,Ada,Ya,0,62,15,8,1,Rentan,59.65
3.6,77,89,Ada,Ya,1,55,1,3,1,Rentan,67.0
3.68,72,6,Tidak,Ya,2,70,1,4,0,Stabil,73.19999999999999
3.07,57,42,Ada,Tidak,2,93,17,6,0,Stabil,68.65
2.98,56,24,Ada,Ya,3,52,18,6,0,Stabil,61.099999999999994
3.36,59,97,Ada,Tidak,1,62,13,8,0,Stabil,64.8
2.8,60,88,Tidak,Tidak,4,68,1,6,0,Rentan,63.6
3.19,74,75,Tidak,Tidak,3,63,5,4,0,Stabil,66.45
2.72,52,17,Ada,Ya,0,52,20,1,0,Stabil,51.199999999999996
3.18,73,52,Tidak,Tidak,5,95,17,5,0,Rentan,76.69999999999999
2.65,84,56,Ada,Ya,2,91,8,5,1,Rentan,61.95
2.55,55,24,Tidak,Ya,1,79,5,6,0,Stabil,56.05
2.96,54,92,Tidak,Tidak,1,79,20,8,0,Rentan,62.2
3.93,58,1,Ada,Tidak,5,67,4,3,0,Stabil,82.35
3.16,80,2,Ada,Tidak,1,53,17,2,1,Rentan,60.0
3.57,68,28,Ada,Ya,1,93,3,2,0,Stabil,74.15
2.72,71,44,Ada,Tidak,1,59,9,2,0,Stabil,54.599999999999994
3.23,59,8,Tidak,Tidak,1,74,14,2,0,Stabil,65.25
3.29,81,17,Tidak,Ya,3,94,13,2,0,Stabil,74.15
3.02,95,26,Tidak,Tidak,3,94,2,4,0,Stabil,70.1
2.88,59,15,Tidak,Tidak,1,63,7,1,0,Rentan,57.8
3.72,60,1,Ada,Ya,3,73,4,3,0,Stabil,76.4
3.47,71,77,Tidak,Tidak,3,68,3,7,0,Stabil,71.65
3.66,95,16,Ada,Ya,4,60,8,3,1,Stabil,74.9
3.31,70,24,Tidak,Ya,5,60,1,7,0,Rentan,71.65
2.92,88,30,Ada,Ya,0,62,17,5,0,Stabil,56.199999999999996
3.6,72,92,Tidak,Ya,2,82,6,5,0,Stabil,74.4
2.9,100,87,Tidak,Ya,1,87,1,6,0,Rentan,62.900000000000006
3.31,82,79,Tidak,Tidak,5,100,4,8,1,Rentan,79.65
2.83,69,20,Ada,Ya,0,56,14,1,0,Rentan,53.65
3.78,98,36,Tidak,Ya,3,57,18,2,1,Stabil,74.1
3.92,93,19,Ada,Tidak,4,97,7,7,0,Stabil,86.2
2.78,79,98,Tidak,Ya,0,55,5,2,0,Stabil,52.699999999999996
2.41,79,72,Ada,Tidak,3,80,4,7,1,Rentan,58.15
3.11,93,8,Tidak,Ya,0,66,20,7,0,Stabil,59.85
3.09,55,53,Tidak,Tidak,1,98,9,5,0,Stabil,67.95
3.1,88,85,Ada,Ya,0,96,18,8,1,Rentan,65.7
3.84,50,4,Tidak,Tidak,2,90,14,1,0,Rentan,79.6
3.33,86,64,Ada,Ya,1,73,0,4,0,Stabil,66.55
3.21,71,69,Ada,Ya,4,79,13,2,0,Stabil,71.95
3.36,56,81,Ada,Tidak,0,89,13,7,0,Stabil,68.2
2.94,72,100,Tidak,Ya,3,91,12,8,0,Stabil,68.3
4.0,51,73,Ada,Tidak,3,83,19,4,1,Rentan,82.6
3.63,61,90,Tidak,Tidak,3,83,5,4,0,Stabil,77.05
3.72,55,3,Ada,Ya,2,50,20,3,0,Stabil,69.8
3.47,69,35,Ada,Ya,5,96,12,2,1,Rentan,81.25
3.53,55,2,Ada,Ya,2,73,6,3,1,Rentan,71.55
2.83,61,15,Tidak,Ya,3,61,18,2,0,Rentan,60.65
3.3,84,3,Ada,Tidak,1,63,11,6,0,Stabil,64.1
2.64,68,32,Tidak,Ya,5,77,16,6,0,Rentan,65.0
3.31,96,40,Tidak,Ya,1,78,13,3,0,Stabil,67.25
3.78,76,54,Tidak,Tidak,4,75,0,2,0,Stabil,79.69999999999999
2.89,50,71,Tidak,Ya,0,79,18,3,0,Rentan,59.150000000000006
3.46,91,63,Tidak,Tidak,5,70,10,2,0,Rentan,75.9
3.02,51,36,Tidak,Ya,3,91,18,8,0,Stabil,69.5
2.87,76,63,Tidak,Ya,0,70,11,3,0,Stabil,57.05
3.29,53,28,Ada,Tidak,0,56,10,1,0,Stabil,60.550000000000004
3.57,52,34,Ada,Tidak,2,69,2,3,0,Stabil,71.35
2.59,92,41,Ada,Tidak,3,86,15,3,0,Rentan,62.05
3.71,63,59,Ada,Tidak,5,81,1,8,0,Stabil,81.85
2.97,91,57,Ada,Ya,2,58,7,7,0,Stabil,60.15
3.27,79,34,Ada,Tidak,5,65,0,4,0,Stabil,72.05
3.61,75,6,Tidak,Ya,3,53,14,1,0,Stabil,70.75
3.44,93,73,Ada,Tidak,4,57,7,7,1,Rentan,71.0
3.13,94,81,Tidak,Ya,0,63,5,4,1,Stabil,59.55
3.02,70,1,Ada,Tidak,5,61,10,5,0,Stabil,67.5
2.91,80,72,Ada,Tidak,4,65,15,8,0,Rentan,64.65
2.45,97,1,Tidak,Tidak,2,92,15,5,0,Rentan,59.150000000000006
3.81,51,31,Ada,Ya,4,64,4,6,1,Stabil,77.95
3.45,78,75,Ada,Ya,5,93,11,7,1,Rentan,80.35
3.66,100,59,Tidak,Tidak,4,57,0,5,0,Stabil,74.3
3.08,68,84,Ada,Ya,3,81,9,3,0,Rentan,68.39999999999999
2.64,59,60,Ada,Ya,0,87,2,1,0,Stabil,57.0
2.73,86,32,Tidak,Tidak,4,87,4,6,0,Stabil,66.35
2.99,100,64,Tidak,Tidak,4,58,16,3,0,Stabil,64.45
3.51,58,6,Tidak,Ya,3,87,16,6,0,Stabil,76.05
3.61,91,88,Ada,Ya,2,88,3,7,1,Rentan,75.75
3.12,81,80,Ada,Ya,4,93,20,1,1,Stabil,73.4
2.76,63,15,Ada,Tidak,4,51,16,1,0,Rentan,59.6
3.18,89,95,Ada,Tidak,3,59,20,5,0,Rentan,65.5
3.86,92,18,Tidak,Tidak,4,74,3,4,0,Stabil,80.7
3.02,52,45,Tidak,Tidak,5,79,14,1,0,Stabil,71.1
3.51,71,82,Tidak,Ya,5,67,9,4,0,Stabil,76.05
3.69,87,29,Tidak,Ya,1,54,1,8,0,Rentan,68.15
2.81,74,95,Tidak,Ya,1,53,19,2,0,Stabil,54.75
2.84,62,25,Ada,Ya,5,81,14,2,0,Rentan,68.8
3.57,58,43,Ada,Tidak,1,99,13,3,0,Rentan,75.35
2.88,54,16,Tidak,Tidak,4,90,12,3,0,Rentan,69.19999999999999
2.99,66,68,Tidak,Ya,2,54,5,5,0,Rentan,59.650000000000006
3.19,52,17,Tidak,Tidak,2,66,6,4,0,Rentan,65.05000000000001
2.23,98,70,Ada,Ya,4,54,13,4,1,Rentan,52.25
3.55,64,87,Ada,Ya,3,51,6,3,1,Rentan,69.45
3.3,89,30,Tidak,Ya,0,62,10,1,0,Stabil,61.9
3.23,65,5,Ada,Tidak,0,53,4,4,0,Rentan,59.05
3.52,66,56,Ada,Tidak,5,95,11,6,0,Rentan,81.8
2.7,56,26,Ada,Ya,5,76,19,5,0,Stabil,65.7
3.23,94,34,Tidak,Tidak,0,57,0,3,0,Stabil,59.849999999999994
3.34,52,84,Ada,Ya,3,74,5,5,1,Rentan,70.9
3.03,77,68,Tidak,Ya,5,56,17,1,0,Stabil,66.65
2.98,50,43,Tidak,Tidak,1,55,7,8,0,Stabil,57.699999999999996
3.08,69,1,Tidak,Tidak,4,61,14,7,0,Stabil,66.4
3.26,89,33,Tidak,Ya,0,78,5,8,0,Stabil,64.5
3.37,82,91,Tidak,Ya,0,52,17,8,0,Rentan,60.949999999999996
3.56,57,9,Ada,Ya,0,63,10,5,0,Stabil,66.0
3.21,68,75,Ada,Tidak,2,73,1,7,1,Stabil,66.75
2.91,87,28,Ada,Tidak,1,74,20,2,0,Stabil,60.45
2.92,62,29,Tidak,Ya,3,71,7,7,0,Stabil,64.0
3.0,85,100,Ada,Tidak,2,91,15,8,1,Rentan,67.2
3.06,71,73,Tidak,Ya,2,55,13,4,1,Rentan,60.9
3.4,58,65,Ada,Ya,3,51,5,4,1,Rentan,67.2
3.18,89,80,Ada,Ya,2,54,11,7,1,Stabil,62.5
2.91,50,98,Tidak,Tidak,4,74,10,7,0,Rentan,66.45
3.62,74,55,Tidak,Ya,3,59,1,2,0,Stabil,72.1
3.4,66,70,Ada,Ya,1,92,8,5,0,Stabil,71.4
2.47,68,14,Tidak,Tidak,0,83,4,3,0,Rentan,53.650000000000006
3.28,55,58,Ada,Tidak,0,70,5,2,0,Stabil,63.199999999999996
3.23,90,86,Ada,Ya,4,65,4,2,1,Rentan,69.44999999999999
3.54,96,90,Ada,Tidak,0,77,2,5,1,Rentan,68.5
3.07,69,76,Ada,Ya,5,92,15,1,0,Stabil,74.45
3.04,61,90,Tidak,Ya,5,92,3,6,1,Rentan,74.0
4.0,99,54,Tidak,Tidak,3,93,10,8,0,Rentan,84.6
2.77,64,16,Ada,Tidak,2,99,20,7,0,Stabil,65.35
3.17,53,91,Ada,Tidak,4,84,6,1,1,Rentan,72.35
3.38,98,38,Ada,Tidak,0,100,15,5,0,Stabil,70.69999999999999
3.21,97,2,Tidak,Tidak,5,54,2,1,0,Rentan,68.95
3.09,67,48,Tidak,Ya,5,56,8,1,0,Stabil,67.55000000000001
2.88,51,28,Tidak,Tidak,4,73,17,5,0,Stabil,65.8
3.44,55,18,Ada,Ya,1,63,15,1,0,Stabil,66.2
3.73,94,69,Tidak,Tidak,1,67,6,7,0,Rentan,71.35
3.15,55,20,Ada,Ya,5,94,2,8,1,Rentan,76.05
3.42,85,92,Tidak,Tidak,3,50,9,2,1,Rentan,67.3
2.86,95,95,Tidak,Ya,1,80,14,5,0,Stabil,60.9
3.04,62,79,Ada,Ya,0,84,14,3,0,Stabil,62.400000000000006
2.83,77,9,Tidak,Ya,2,89,12,8,0,Stabil,64.25
3.16,74,26,Tidak,Tidak,4,97,19,3,0,Stabil,74.8
3.69,53,30,Ada,Ya,0,77,15,3,0,Rentan,70.75
3.01,60,87,Tidak,Ya,4,77,17,7,0,Stabil,68.55
3.28,85,25,Ada,Ya,3,73,5,2,1,Rentan,69.8
3.0,52,35,Tidak,Ya,0,75,1,6,0,Stabil,60.0
3.51,56,90,Ada,Ya,5,51,19,1,1,Stabil,72.85
3.61,62,75,Ada,Ya,4,93,10,3,1,Rentan,80.75
2.67,67,39,Ada,Ya,1,61,20,1,0,Rentan,54.25
3.31,61,98,Ada,Ya,0,70,18,5,0,Stabil,63.65
3.46,62,35,Ada,Ya,5,53,12,3,0,Stabil,72.5
3.26,81,4,Tidak,Ya,3,72,20,3,1,Rentan,69.3
3.64,94,33,Tidak,Tidak,2,82,6,7,0,Rentan,75.0
3.33,52,20,Tidak,Ya,3,90,11,1,0,Rentan,73.94999999999999
3.28,89,32,Tidak,Ya,0,96,12,7,0,Rentan,68.4
3.28,77,38,Tidak,Tidak,4,87,0,6,0,Stabil,74.6
3.33,60,38,Tidak,Tidak,2,92,4,4,0,Stabil,72.35
2.99,60,60,Tidak,Tidak,2,80,17,5,0,Rentan,64.85
3.52,93,28,Tidak,Ya,2,84,2,7,1,Rentan,73.6
2.45,58,43,Tidak,Ya,0,52,6,3,0,Stabil,47.15
3.08,75,83,Ada,Ya,3,55,11,7,1,Stabil,63.199999999999996
3.58,99,77,Ada,Tidak,5,77,8,1,1,Stabil,79.1
3.88,55,55,Ada,Ya,3,71,18,6,0,Stabil,78.39999999999999
3.49,77,37,Tidak,Tidak,5,99,0,1,0,Rentan,82.15
2.94,75,81,Ada,Ya,0,55,17,6,1,Stabil,55.1
2.83,86,77,Tidak,Tidak,5,54,10,7,0,Stabil,63.25
3.3,66,78,Ada,Ya,1,57,6,2,1,Rentan,62.9
2.12,52,26,Tidak,Tidak,2,93,9,4,0,Stabil,54.4
3.47,51,75,Tidak,Tidak,0,54,19,1,0,Stabil,62.849999999999994
3.55,97,51,Tidak,Ya,3,84,5,7,0,Stabil,76.05
3.29,70,79,Tidak,Ya,2,51,4,1,0,Stabil,63.550000000000004
3.23,58,73,Tidak,Tidak,3,56,12,6,0,Rentan,65.65
2.56,99,64,Tidak,Ya,4,92,20,5,0,Stabil,64.8
3.37,50,49,Tidak,Ya,1,91,5,7,0,Stabil,70.75
3.26,96,87,Tidak,Ya,0,70,19,7,1,Rentan,62.9
2.9,65,8,Ada,Ya,2,95,6,6,0,Stabil,66.5
2.67,82,0,Ada,Ya,1,60,7,1,0,Stabil,54.05
3.11,95,92,Ada,Tidak,5,80,1,1,0,Stabil,72.65
2.37,98,31,Ada,Ya,1,73,13,1,0,Stabil,52.15
3.23,71,76,Tidak,Tidak,1,71,14,8,0,Stabil,64.65
2.62,60,95,Tidak,Tidak,2,95,14,1,0,Stabil,62.3
3.08,50,61,Tidak,Ya,2,96,16,3,0,Stabil,69.4
2.9,83,43,Tidak,Tidak,5,80,12,3,0,Stabil,69.5
3.14,86,51,Ada,Tidak,2,97,6,4,0,Rentan,70.5
3.47,83,29,Ada,Ya,0,66,5,2,0,Stabil,65.25
3.24,58,59,Tidak,Tidak,0,63,7,8,0,Rentan,61.2
2.34,63,92,Tidak,Ya,0,86,0,2,0,Rentan,52.3
2.92,80,86,Tidak,Ya,1,66,17,8,0,Stabil,59.0
2.59,54,24,Tidak,Ya,3,56,14,5,0,Rentan,56.050000000000004
3.01,93,20,Ada,Tidak,4,60,6,2,0,Stabil,65.15
3.26,69,57,Tidak,Ya,2,69,10,3,0,Stabil,66.7
3.84,99,37,Tidak,Ya,1,95,6,5,0,Stabil,78.6
3.56,67,92,Ada,Tidak,4,65,5,6,0,Stabil,74.4
2.84,56,14,Ada,Tidak,4,67,17,8,0,Stabil,64.0
3.08,62,71,Ada,Tidak,4,65,10,8,1,Rentan,67.19999999999999
3.11,78,42,Ada,Tidak,2,70,14,5,1,Rentan,64.65
2.94,83,64,Ada,Ya,3,51,18,5,1,Rentan,60.300000000000004
3.48,82,98,Ada,Ya,0,89,20,8,1,Rentan,70.0
3.29,94,2,Tidak,Ya,3,75,18,7,0,Rentan,70.35
2.74,62,12,Tidak,Ya,3,62,4,1,0,Rentan,59.5
3.24,69,98,Ada,Tidak,5,67,7,1,0,Stabil,72.0
4.0,53,75,Tidak,Tidak,5,75,6,6,0,Stabil,85.0
3.01,97,64,Tidak,Tidak,0,76,6,2,0,Stabil,60.35
2.42,69,83,Ada,Ya,0,91,9,6,1,Rentan,54.5
3.49,58,76,Ada,Tidak,1,94,15,7,0,Stabil,73.15
2.82,92,39,Ada,Tidak,1,57,5,4,0,Stabil,55.699999999999996
2.76,59,20,Tidak,Ya,3,84,12,7,0,Rentan,64.2
3.52,84,60,Tidak,Ya,3,88,20,2,0,Rentan,76.4
2.5,86,28,Ada,Ya,5,64,16,5,0,Stabil,60.3
3.1,95,84,Tidak,Ya,5,98,4,2,1,Stabil,76.1
2.71,70,57,Ada,Tidak,1,80,11,1,0,Rentan,58.65
3.72,61,85,Tidak,Tidak,2,81,17,4,0,Stabil,76.0
3.76,57,70,Ada,Ya,1,58,11,6,0,Stabil,70.0
2.53,83,47,Ada,Ya,5,84,11,2,0,Stabil,64.75
2.88,67,60,Ada,Tidak,3,68,12,3,0,Rentan,62.8
3.19,89,20,Ada,Tidak,1,98,13,8,0,Stabil,69.45
3.31,67,26,Ada,Ya,1,57,18,4,0,Stabil,63.05
3.42,64,19,Tidak,Ya,5,57,17,8,0,Stabil,72.69999999999999
3.2,94,30,Tidak,Ya,1,64,16,2,0,Rentan,62.8
2.76,76,31,Tidak,Tidak,5,55,0,8,0,Rentan,62.4
3.06,92,73,Tidak,Tidak,3,88,3,8,0,Rentan,69.5
3.42,52,51,Tidak,Tidak,3,79,18,2,0,Rentan,73.1
3.08,66,41,Tidak,Tidak,0,72,7,7,0,Rentan,60.599999999999994
3.3,61,40,Tidak,Tidak,2,71,11,8,0,Rentan,67.7
3.56,95,21,Tidak,Tidak,3,71,14,5,1,Rentan,73.6
3.41,89,33,Ada,Tidak,4,55,2,1,0,Stabil,70.15
2.38,55,85,Tidak,Tidak,2,78,1,3,0,Stabil,55.3
3.46,51,52,Tidak,Ya,0,76,17,5,0,Rentan,67.1
3.4,73,41,Ada,Ya,2,84,11,3,0,Stabil,71.8
2.7,72,79,Ada,Tidak,4,67,18,4,0,Stabil,61.9
2.85,95,72,Ada,Tidak,2,93,11,8,1,Rentan,65.35
4.0,64,0,Tidak,Ya,5,99,17,1,1,Rentan,89.8
2.83,88,42,Ada,Ya,1,51,20,1,1,Rentan,54.65
2.71,69,11,Tidak,Ya,2,95,13,2,0,Stabil,63.65
3.4,51,67,Ada,Ya,0,93,11,3,0,Rentan,69.6
3.3,89,87,Tidak,Ya,1,84,6,1,1,Stabil,68.3
3.39,100,75,Ada,Ya,4,68,3,6,1,Rentan,72.45
2.93,57,24,Ada,Ya,3,65,11,3,0,Rentan,62.949999999999996
3.55,91,41,Tidak,Ya,4,98,17,7,1,Stabil,80.85
3.3,80,67,Tidak,Ya,0,81,9,8,0,Stabil,65.7
3.62,51,87,Ada,Tidak,5,74,6,1,1,Stabil,79.1
2.96,95,5,Ada,Tidak,5,63,18,3,0,Rentan,67.0
3.75,74,79,Ada,Tidak,2,75,1,7,1,Rentan,75.25
3.41,76,80,Tidak,Ya,0,62,15,5,1,Stabil,63.55
3.46,100,87,Tidak,Tidak,0,61,17,7,0,Stabil,64.1
3.12,85,61,Tidak,Ya,1,58,16,7,0,Stabil,60.4
3.65,97,98,Ada,Ya,4,88,1,2,1,Stabil,80.35
3.46,74,42,Ada,Ya,5,82,2,6,0,Rentan,78.3
3.28,70,79,Ada,Ya,1,93,2,8,1,Rentan,69.8
3.58,57,73,Ada,Ya,3,86,17,6,1,Rentan,76.89999999999999
3.64,90,28,Tidak,Tidak,2,59,14,7,0,Stabil,70.4
3.66,79,26,Tidak,Ya,2,75,4,3,1,Rentan,73.9
2.99,83,59,Ada,Ya,3,63,6,7,0,Stabil,63.45
2.99,99,84,Tidak,Tidak,2,62,6,7,0,Rentan,61.25
3.54,93,59,Ada,Tidak,2,86,6,7,1,Stabil,74.3
3.52,53,27,Tidak,Tidak,0,70,11,3,0,Stabil,66.8
3.5,85,20,Ada,Ya,2,60,13,5,1,Stabil,68.5
2.87,74,56,Tidak,Ya,0,80,5,8,0,Rentan,59.05
3.19,58,81,Tidak,Tidak,2,59,3,3,0,Stabil,63.650000000000006
2.88,73,62,Tidak,Tidak,3,82,8,6,0,Rentan,65.6
3.08,98,94,Tidak,Ya,0,71,17,6,0,Rentan,60.4
3.2,82,92,Tidak,Ya,3,95,10,1,1,Stabil,73.0
2.87,51,19,Ada,Tidak,4,65,2,4,0,Rentan,64.05
2.56,87,90,Tidak,Tidak,4,100,3,4,0,Rentan,66.4
2.89,53,25,Ada,Ya,5,70,20,3,0,Rentan,67.35
3.53,84,96,Ada,Ya,1,94,2,8,1,Rentan,73.75
3.12,97,8,Ada,Ya,2,91,8,3,1,Stabil,69.0
3.23,97,72,Ada,Tidak,3,87,11,2,1,Rentan,71.85
3.21,87,41,Ada,Ya,5,94,11,6,0,Stabil,76.95
3.2,100,55,Tidak,Ya,0,90,4,7,0,Stabil,66.0
3.6,81,62,Tidak,Ya,2,69,17,3,1,Rentan,71.8
2.76,88,53,Tidak,Ya,2,65,16,8,0,Rentan,58.4
3.51,83,47,Tidak,Ya,0,96,11,8,0,Rentan,71.85
2.9,80,41,Tidak,Tidak,2,86,10,8,0,Stabil,64.7
3.56,59,8,Tidak,Ya,0,83,15,4,0,Rentan,70.0
2.99,50,40,Tidak,Ya,1,89,15,8,0,Stabil,64.65
3.26,53,38,Ada,Ya,0,65,12,8,0,Stabil,61.9
2.95,59,13,Tidak,Ya,3,85,5,5,0,Rentan,67.25
3.21,70,70,Tidak,Tidak,0,59,10,5,0,Stabil,59.95
3.53,98,17,Ada,Ya,2,96,4,1,1,Stabil,76.15
2.85,84,26,Ada,Ya,0,91,12,2,0,Rentan,60.95
2.66,94,19,Ada,Ya,0,52,1,8,0,Rentan,50.3
2.87,54,0,Ada,Tidak,5,87,1,3,0,Stabil,70.45
3.11,68,96,Tidak,Ya,5,82,12,6,0,Stabil,73.05
3.5,92,95,Tidak,Ya,4,61,3,5,0,Rentan,72.7
3.83,53,27,Ada,Ya,2,63,16,4,0,Stabil,74.05
2.67,80,3,Tidak,Tidak,1,54,19,3,0,Stabil,52.849999999999994
3.59,63,83,Ada,Tidak,0,97,11,1,1,Rentan,73.25
3.69,90,58,Ada,Tidak,1,61,0,5,0,Stabil,69.55
3.45,51,73,Ada,Ya,3,77,14,5,0,Stabil,73.15
3.68,62,71,Ada,Tidak,0,50,20,1,0,Stabil,65.19999999999999
3.2,73,74,Tidak,Ya,3,70,20,8,1,Rentan,68.0
3.44,66,5,Ada,Ya,3,72,20,6,0,Stabil,72.0
2.64,75,73,Ada,Ya,1,57,16,6,0,Stabil,53.0
2.63,73,88,Tidak,Ya,0,64,18,1,0,Rentan,52.25
3.33,81,38,Ada,Tidak,4,94,9,2,0,Stabil,76.75
3.32,66,89,Tidak,Ya,5,77,11,4,0,Rentan,75.2
3.09,93,89,Tidak,Ya,4,81,10,5,1,Rentan,70.55
3.35,84,48,Ada,Tidak,0,65,20,7,0,Stabil,63.25
3.71,76,64,Ada,Tidak,3,93,4,6,0,Stabil,80.25
3.52,66,5,Ada,Tidak,5,61,14,8,0,Stabil,75.0
2.84,91,87,Ada,Ya,3,52,9,5,1,Rentan,59.0
3.46,78,81,Tidak,Tidak,4,100,13,8,0,Rentan,79.9
2.5,92,15,Tidak,Ya,2,75,16,2,0,Stabil,56.5
3.25,54,18,Ada,Ya,4,57,17,1,0,Rentan,68.15
3.11,87,27,Ada,Ya,4,58,10,5,0,Stabil,66.25
2.14,58,72,Ada,Tidak,0,80,16,4,0,Rentan,48.1
3.42,77,50,Ada,Tidak,3,99,12,3,0,Stabil,77.1
3.18,88,53,Tidak,Tidak,5,99,2,8,0,Rentan,77.5
3.49,71,96,Tidak,Ya,3,69,15,2,1,Rentan,72.15
3.49,67,44,Tidak,Ya,5,70,10,3,0,Stabil,76.35
3.47,89,26,Ada,Ya,5,62,11,5,0,Stabil,74.45
3.44,91,72,Tidak,Tidak,2,65,12,8,0,Stabil,68.6
3.24,66,25,Tidak,Tidak,0,85,18,8,0,Rentan,65.6
3.82,73,16,Ada,Ya,1,54,8,5,0,Stabil,70.1
3.6,64,2,Ada,Tidak,2,85,11,2,1,Rentan,75.0
2.66,67,30,Tidak,Ya,4,56,7,6,0,Stabil,59.1
2.56,74,91,Tidak,Ya,4,64,3,8,0,Rentan,59.2
2.87,81,56,Tidak,Tidak,1,70,0,8,0,Stabil,59.05
3.16,72,76,Tidak,Tidak,1,65,9,4,0,Rentan,62.4
2.54,72,54,Tidak,Tidak,0,51,15,8,0,Stabil,48.300000000000004
3.41,88,11,Ada,Ya,4,74,11,2,0,Rentan,73.95
3.22,77,29,Tidak,Ya,1,64,13,3,0,Stabil,63.099999999999994
2.94,62,68,Ada,Tidak,1,99,3,2,0,Rentan,65.9
2.96,60,17,Tidak,Ya,0,82,16,2,0,Stabil,60.8
3.33,95,8,Ada,Ya,1,60,20,3,1,Rentan,63.949999999999996
3.05,83,96,Tidak,Ya,5,100,19,3,0,Stabil,75.75
3.46,76,25,Tidak,Tidak,2,69,11,5,0,Stabil,69.7
3.11,51,47,Ada,Tidak,3,66,15,1,1,Rentan,65.85
2.76,74,5,Tidak,Ya,0,88,9,8,0,Rentan,59.0
3.14,67,3,Ada,Ya,5,82,6,8,0,Rentan,73.5
3.12,78,19,Tidak,Ya,4,98,16,8,0,Stabil,74.4
3.06,74,17,Tidak,Ya,1,64,1,7,0,Stabil,60.7
3.12,54,59,Ada,Ya,1,66,15,4,0,Stabil,62.0
2.71,66,76,Tidak,Ya,3,83,4,3,0,Stabil,63.25
3.38,53,31,Tidak,Ya,5,56,4,4,0,Stabil,71.9
3.35,65,55,Ada,Ya,2,92,2,8,0,Stabil,72.65
2.56,75,43,Ada,Ya,3,77,7,7,0,Stabil,59.8
3.38,55,37,Ada,Ya,4,50,15,3,1,Rentan,68.69999999999999
3.27,62,78,Ada,Ya,0,81,3,6,0,Stabil,65.25
3.22,64,57,Tidak,Tidak,0,75,10,2,0,Stabil,63.3
3.17,59,13,Ada,Ya,3,53,18,6,0,Stabil,64.15
2.7,57,50,Tidak,Ya,3,80,20,8,0,Rentan,62.5
3.79,100,84,Tidak,Ya,5,58,10,4,1,Rentan,78.45
3.34,58,4,Ada,Tidak,1,67,6,3,0,Rentan,65.5
3.45,59,55,Tidak,Tidak,4,83,12,1,0,Stabil,76.35
3.12,100,40,Ada,Ya,3,76,14,1,0,Stabil,68.0
3.55,64,6,Ada,Ya,2,78,7,4,1,Rentan,72.85
3.02,85,22,Tidak,Tidak,1,65,12,5,0,Stabil,60.3
4.0,96,20,Tidak,Ya,1,92,9,4,1,Rentan,80.4
3.1,50,97,Ada,Ya,1,99,8,4,0,Stabil,68.3
3.5,55,92,Tidak,Tidak,0,74,6,8,0,Stabil,67.3
3.13,98,13,Tidak,Tidak,1,71,12,1,0,Rentan,63.15
3.77,92,5,Tidak,Tidak,5,74,10,7,0,Stabil,81.35
2.96,79,75,Ada,Ya,0,56,19,1,0,Stabil,55.6
2.41,69,85,Tidak,Ya,5,52,3,3,0,Stabil,56.55
3.56,69,23,Tidak,Tidak,2,51,0,3,0,Rentan,67.6
2.59,61,91,Ada,Tidak,2,64,1,2,0,Rentan,55.650000000000006
3.21,97,13,Ada,Ya,5,54,3,5,0,Stabil,68.95
3.29,65,80,Ada,Ya,4,60,5,8,0,Stabil,69.35
3.12,67,78,Ada,Tidak,0,85,7,1,1,Rentan,63.8
3.42,65,14,Ada,Ya,4,66,20,7,0,Stabil,72.5
4.0,52,17,Ada,Tidak,1,97,1,7,0,Rentan,81.4
3.12,63,41,Tidak,Tidak,3,59,20,4,0,Rentan,64.6
3.57,92,0,Ada,Ya,3,81,8,7,1,Stabil,75.75
2.7,67,75,Ada,Ya,2,99,0,8,1,Rentan,64.3
3.35,64,28,Tidak,Tidak,2,51,7,6,0,Stabil,64.45
3.2,97,30,Tidak,Tidak,4,54,18,3,0,Stabil,66.8
3.48,83,72,Ada,Ya,1,51,10,5,0,Stabil,64.4
3.61,87,12,Ada,Ya,5,92,19,6,1,Rentan,82.55
3.5,77,52,Ada,Ya,2,56,18,8,1,Stabil,67.7
3.0,73,15,Ada,Ya,5,66,0,4,1,Rentan,68.2
3.17,98,62,Ada,Tidak,4,80,8,8,0,Rentan,71.55
3.48,72,80,Tidak,Ya,0,85,5,4,0,Rentan,69.19999999999999
2.18,68,4,Tidak,Ya,1,92,14,1,0,Rentan,53.10000000000001
2.77,50,13,Ada,Ya,1,52,17,2,0,Stabil,53.949999999999996
2.77,95,57,Tidak,Tidak,2,60,19,2,0,Rentan,57.55
3.47,68,6,Tidak,Tidak,0,55,18,7,0,Stabil,63.05
2.74,64,30,Ada,Ya,4,53,16,4,0,Stabil,59.7
3.68,63,79,Ada,Tidak,0,94,20,2,1,Rentan,74.0
2.81,98,10,Ada,Tidak,2,99,0,2,0,Stabil,65.95
2.96,84,92,Tidak,Tidak,3,100,20,6,1,Rentan,70.4
3.77,59,19,Tidak,Ya,1,81,16,6,1,Rentan,74.75
3.37,66,92,Ada,Ya,0,72,20,5,0,Stabil,64.95
3.76,73,93,Ada,Ya,1,69,5,5,0,Stabil,72.2
2.56,72,15,Ada,Tidak,4,58,2,1,0,Rentan,58.0
3.52,91,91,Ada,Tidak,2,81,7,7,1,Rentan,73.0
3.44,83,96,Tidak,Tidak,2,69,5,2,0,Rentan,69.4
3.13,52,96,Tidak,Tidak,0,90,12,3,0,Stabil,64.94999999999999
2.99,96,37,Ada,Tidak,2,80,12,5,0,Rentan,64.85
3.42,58,37,Tidak,Ya,2,93,10,1,0,Stabil,73.9
3.62,57,67,Tidak,Ya,2,59,3,4,1,Rentan,70.1
3.58,91,10,Tidak,Ya,1,52,13,2,0,Rentan,66.1
3.48,50,99,Ada,Tidak,4,51,0,8,1,Rentan,70.4
3.54,96,50,Tidak,Ya,5,96,13,2,0,Stabil,82.30000000000001
2.59,86,67,Tidak,Ya,4,84,9,6,1,Rentan,63.650000000000006
3.06,54,11,Ada,Ya,4,67,10,6,0,Stabil,67.3
3.93,99,66,Tidak,Tidak,2,81,12,5,0,Stabil,79.14999999999999
3.22,63,49,Tidak,Tidak,0,75,19,2,0,Stabil,63.3
3.01,82,54,Ada,Ya,0,86,3,3,0,Rentan,62.349999999999994
2.85,83,52,Tidak,Ya,4,71,9,3,0,Rentan,64.95
3.64,51,36,Ada,Tidak,3,86,18,1,0,Stabil,77.8
3.97,90,11,Tidak,Ya,4,99,9,3,0,Stabil,87.35
2.49,68,22,Ada,Ya,2,86,19,5,0,Stabil,58.55
3.36,94,97,Ada,Ya,0,59,12,4,1,Rentan,62.2
2.59,88,36,Tidak,Tidak,2,83,4,1,0,Rentan,59.45
3.65,100,55,Ada,Ya,4,87,11,1,1,Rentan,80.15
2.92,80,73,Tidak,Ya,1,93,4,5,0,Stabil,64.4
3.57,67,0,Ada,Ya,2,60,15,6,1,Rentan,69.55
3.14,55,67,Ada,Tidak,4,51,1,7,0,Stabil,65.30000000000001
2.98,83,93,Ada,Ya,1,91,13,1,1,Rentan,64.89999999999999
3.81,58,2,Tidak,Ya,5,92,4,4,0,Stabil,85.55
3.0,66,25,Ada,Tidak,0,83,17,2,0,Stabil,61.6
3.0,84,86,Ada,Ya,3,50,6,4,1,Rentan,61.0
2.53,81,85,Tidak,Tidak,2,57,6,2,0,Rentan,53.349999999999994
3.81,52,57,Ada,Ya,3,67,9,5,1,Rentan,76.55
2.95,61,75,Ada,Ya,4,60,20,5,0,Stabil,64.25
2.6,93,69,Tidak,Ya,3,98,13,3,0,Rentan,64.6
2.94,97,51,Ada,Ya,4,100,18,4,0,Rentan,72.1
3.58,50,23,Tidak,Ya,1,74,17,2,1,Rentan,70.5
2.69,56,9,Tidak,Tidak,4,86,4,6,0,Rentan,65.55
3.17,77,42,Tidak,Ya,5,60,4,3,0,Stabil,69.55
3.27,69,80,Tidak,Ya,2,91,2,1,0,Stabil,71.25
3.68,62,78,Ada,Ya,3,89,14,8,1,Stabil,79.0
3.61,95,95,Ada,Ya,3,70,16,8,1,Stabil,74.15
3.61,73,72,Tidak,Tidak,0,96,19,6,0,Rentan,73.35
3.31,61,78,Tidak,Ya,2,87,12,1,0,Rentan,71.05
3.11,64,87,Ada,Ya,3,71,12,5,1,Rentan,66.85
3.31,60,13,Tidak,Ya,1,94,7,6,0,Stabil,70.45
2.59,85,33,Tidak,Ya,2,89,10,4,0,Stabil,60.650000000000006
3.41,60,4,Ada,Tidak,3,83,10,4,0,Rentan,73.75
2.85,63,93,Ada,Ya,2,89,6,2,1,Stabil,64.55
3.14,91,22,Ada,Tidak,1,99,2,2,0,Stabil,68.9
3.87,98,51,Tidak,Ya,5,67,11,8,1,Rentan,81.45
3.0,78,65,Tidak,Ya,3,69,5,3,0,Stabil,64.8
2.68,89,10,Tidak,Tidak,2,82,4,6,0,Stabil,60.599999999999994
3.48,64,41,Ada,Ya,1,58,20,7,0,Rentan,65.8
3.34,61,49,Ada,Tidak,3,69,9,6,0,Stabil,69.9
3.43,59,47,Ada,Tidak,2,73,16,8,0,Rentan,70.05
2.92,62,80,Ada,Tidak,0,62,19,5,0,Rentan,56.199999999999996
2.85,79,66,Tidak,Ya,1,84,5,5,0,Rentan,61.55
3.88,67,41,Tidak,Tidak,2,74,4,2,0,Rentan,77.0
3.08,61,87,Tidak,Ya,0,91,15,3,0,Stabil,64.39999999999999
3.39,61,93,Ada,Tidak,0,97,13,4,0,Rentan,70.25
2.7,73,53,Ada,Ya,1,70,17,7,0,Rentan,56.5
3.47,51,78,Tidak,Tidak,2,66,18,2,0,Stabil,69.25
3.12,92,17,Tidak,Ya,0,96,3,2,0,Stabil,66.0
3.52,61,66,Ada,Tidak,0,66,17,4,1,Rentan,66.0
3.09,98,49,Ada,Tidak,3,51,8,8,0,Stabil,62.550000000000004
2.96,59,61,Ada,Ya,0,92,0,2,0,Rentan,62.8
3.89,55,14,Ada,Ya,5,75,1,5,1,Rentan,83.35
2.98,57,5,Ada,Ya,5,75,3,3,0,Stabil,69.69999999999999
3.54,97,43,Ada,Tidak,1,68,18,2,0,Stabil,68.7
2.92,55,43,Tidak,Ya,2,100,17,4,0,Stabil,67.8
3.2,73,27,Tidak,Tidak,4,100,2,1,0,Rentan,76.0
2.7,77,27,Tidak,Ya,1,84,11,6,0,Stabil,59.3
3.53,80,56,Ada,Ya,2,67,1,1,1,Rentan,70.35
3.52,56,28,Tidak,Ya,5,66,5,7,1,Rentan,76.0
3.34,99,56,Tidak,Ya,3,77,9,5,1,Rentan,71.5
2.77,50,4,Ada,Ya,2,85,1,6,0,Rentan,62.55
2.87,77,57,Ada,Ya,0,83,3,4,0,Stabil,59.65
3.62,56,36,Ada,Ya,0,79,7,2,1,Rentan,70.1
3.01,84,3,Tidak,Ya,3,77,13,5,0,Stabil,66.55
3.23,77,67,Tidak,Ya,3,59,2,4,0,Stabil,66.25
2.31,71,85,Ada,Ya,3,100,3,4,0,Stabil,60.65
2.64,95,40,Tidak,Ya,4,70,7,8,1,Rentan,61.6
3.21,75,87,Tidak,Ya,3,91,2,1,0,Stabil,72.35
3.39,81,29,Tidak,Ya,0,81,15,2,0,Stabil,67.05
2.83,57,84,Tidak,Ya,4,54,8,3,0,Rentan,61.25
3.24,60,30,Ada,Ya,3,56,17,3,1,Rentan,65.80000000000001
3.9,92,68,Ada,Ya,4,84,12,8,1,Rentan,83.3
3.09,73,33,Tidak,Ya,3,84,5,3,0,Stabil,69.15
3.37,75,21,Ada,Ya,0,60,16,1,0,Stabil,62.55
3.24,64,14,Ada,Ya,0,100,2,7,0,Stabil,68.6
2.59,64,74,Tidak,Tidak,5,72,3,6,0,Stabil,63.25
2.65,65,19,Tidak,Tidak,3,51,8,7,0,Rentan,55.95
2.97,65,34,Tidak,Tidak,2,84,17,2,0,Stabil,65.35
2.57,86,38,Ada,Tidak,4,51,19,7,0,Stabil,56.75
2.45,60,0,Ada,Tidak,4,56,7,2,0,Rentan,55.95
2.15,60,15,Tidak,Ya,5,98,9,6,0,Rentan,61.85
3.2,54,89,Tidak,Ya,4,97,2,2,1,Rentan,75.4
2.83,56,33,Ada,Ya,2,89,5,1,0,Stabil,64.25
3.3,94,84,Ada,Tidak,3,71,18,7,0,Stabil,69.7
2.8,65,54,Tidak,Tidak,3,72,3,1,0,Rentan,62.4
3.46,91,76,Ada,Ya,3,82,18,1,1,Stabil,74.3
2.13,87,87,Tidak,Tidak,2,53,9,7,0,Rentan,46.55
3.3,73,100,Tidak,Ya,2,71,17,5,0,Stabil,67.7
4.0,75,89,Tidak,Ya,2,90,5,5,1,Rentan,82.0
2.76,77,97,Ada,Ya,5,57,5,1,0,Stabil,62.8
3.31,74,11,Ada,Ya,2,55,5,8,0,Stabil,64.65
3.9,80,25,Tidak,Tidak,4,95,15,6,0,Stabil,85.5
3.1,60,26,Tidak,Tidak,3,59,3,2,0,Stabil,64.3
3.77,84,47,Ada,Ya,3,85,11,5,1,Stabil,79.55
3.13,93,43,Tidak,Ya,2,69,20,3,0,Stabil,64.75
2.92,84,97,Tidak,Tidak,3,78,14,3,0,Rentan,65.4
3.09,60,8,Ada,Tidak,4,72,0,4,0,Rentan,68.75
3.58,84,39,Ada,Ya,1,89,7,7,1,Rentan,73.5
3.68,61,6,Tidak,Tidak,3,66,11,1,0,Stabil,74.39999999999999
3.0,93,64,Tidak,Tidak,0,91,19,4,0,Stabil,63.2
2.95,69,35,Tidak,Tidak,5,87,4,5,0,Stabil,71.65
2.72,61,20,Tidak,Ya,3,63,17,8,0,Rentan,59.4
3.56,60,21,Ada,Ya,3,83,16,4,1,Rentan,76.0
3.71,79,91,Tidak,Ya,5,57,1,2,1,Rentan,77.05
3.12,85,75,Tidak,Ya,5,91,7,2,1,Stabil,75.0
4.0,93,58,Ada,Ya,4,50,6,1,1,Stabil,78.0
3.76,94,9,Ada,Tidak,2,77,12,3,1,Stabil,75.8
3.37,50,98,Tidak,Tidak,1,56,12,7,0,Rentan,63.75
3.63,74,67,Tidak,Ya,2,74,19,8,1,Rentan,73.25
3.81,73,88,Tidak,Ya,4,86,14,7,0,Stabil,82.35
3.32,85,97,Ada,Ya,5,50,9,4,1,Rentan,69.8
3.39,68,100,Ada,Tidak,3,81,9,6,0,Stabil,73.05
3.16,61,57,Ada,Ya,1,88,15,2,0,Stabil,67.0
2.71,52,16,Tidak,Ya,2,99,16,1,0,Stabil,64.45
2.76,76,35,Tidak,Ya,5,79,5,6,0,Rentan,67.2
2.89,83,11,Ada,Ya,0,94,8,8,0,Stabil,62.150000000000006
2.84,91,78,Ada,Ya,2,57,18,3,1,Stabil,58.0
3.81,100,59,Tidak,Tidak,5,86,4,8,1,Rentan,84.35
3.27,69,52,Tidak,Tidak,4,64,20,7,0,Rentan,69.85
3.42,82,27,Ada,Tidak,4,62,9,4,0,Rentan,71.69999999999999
3.44,79,43,Tidak,Ya,5,100,11,2,1,Rentan,81.6
2.82,95,22,Tidak,Ya,4,84,16,7,0,Stabil,67.1
3.62,67,10,Ada,Ya,3,73,14,6,1,Stabil,74.9
3.41,81,12,Tidak,Tidak,2,92,19,7,0,Rentan,73.55
2.82,95,51,Tidak,Ya,2,53,5,2,0,Stabil,56.9
3.77,61,1,Tidak,Ya,0,100,18,6,0,Rentan,76.55
3.34,72,36,Tidak,Tidak,1,90,19,3,0,Rentan,70.1
2.57,87,36,Tidak,Ya,2,64,2,1,0,Stabil,55.349999999999994
3.47,63,8,Tidak,Ya,1,82,19,4,0,Rentan,70.45
3.08,72,46,Tidak,Tidak,1,73,18,2,0,Rentan,62.8
3.66,85,33,Ada,Ya,4,84,12,7,1,Stabil,79.7
2.88,73,97,Ada,Tidak,2,50,12,4,0,Rentan,57.199999999999996
2.79,70,68,Tidak,Ya,1,75,5,3,0,Rentan,58.85
3.1,56,86,Ada,Ya,1,97,1,5,0,Rentan,67.9
3.33,75,36,Tidak,Ya,0,100,4,1,0,Stabil,69.94999999999999
3.77,87,53,Tidak,Ya,1,60,12,6,0,Stabil,70.55
3.73,51,20,Ada,Ya,3,78,3,3,1,Rentan,77.55
3.45,83,55,Ada,Ya,2,96,0,1,1,Rentan,74.95
3.59,79,90,Tidak,Ya,2,95,3,2,1,Stabil,76.85
3.33,61,21,Tidak,Ya,4,69,1,6,0,Rentan,71.75
2.87,59,83,Ada,Ya,1,55,8,8,0,Rentan,56.05
3.81,95,16,Ada,Tidak,2,93,4,4,1,Stabil,79.75
2.61,56,64,Ada,Ya,1,95,6,4,0,Rentan,60.15
3.26,100,78,Ada,Tidak,0,79,14,2,1,Rentan,64.7
3.98,54,74,Tidak,Tidak,5,74,19,4,0,Rentan,84.5
3.0,60,64,Ada,Ya,4,62,3,4,1,Rentan,65.4
3.99,94,46,Tidak,Tidak,0,55,18,6,0,Stabil,70.85
3.2,62,1,Tidak,Ya,3,95,7,6,0,Stabil,73.0
3.69,59,83,Tidak,Tidak,0,100,13,5,0,Rentan,75.35
3.87,88,91,Ada,Tidak,4,59,20,6,1,Rentan,77.85
3.58,61,33,Tidak,Tidak,2,73,17,7,0,Stabil,72.3
3.39,51,88,Tidak,Tidak,4,73,14,4,0,Rentan,73.45
3.41,90,34,Tidak,Tidak,2,73,7,5,0,Stabil,69.75
3.73,68,65,Tidak,Ya,0,84,0,7,0,Stabil,72.75
3.3,78,17,Ada,Ya,3,65,0,2,0,Stabil,68.5
2.74,66,38,Ada,Tidak,0,100,5,4,0,Rentan,61.1
3.01,93,63,Ada,Tidak,1,84,20,6,0,Rentan,63.95
3.14,60,55,Ada,Ya,4,92,8,6,1,Rentan,73.5
3.57,93,28,Ada,Tidak,5,100,10,8,1,Stabil,83.55
3.3,53,3,Ada,Ya,0,59,14,8,0,Stabil,61.3
2.84,69,77,Ada,Tidak,5,79,6,6,1,Rentan,68.4
3.6,52,90,Ada,Tidak,3,62,12,4,1,Rentan,72.4
2.99,72,30,Ada,Tidak,3,89,11,7,0,Rentan,68.65
3.12,68,16,Tidak,Ya,4,94,7,3,0,Stabil,73.6
2.94,52,97,Ada,Tidak,4,88,15,4,0,Stabil,69.7
2.92,85,85,Ada,Ya,5,95,2,3,1,Rentan,72.8
3.1,63,81,Ada,Ya,2,59,5,7,1,Rentan,62.3
3.1,90,23,Ada,Tidak,5,96,11,5,0,Stabil,75.7
2.95,91,35,Ada,Ya,1,67,12,6,0,Rentan,59.65
3.62,92,65,Ada,Tidak,2,99,12,2,1,Stabil,78.1
3.05,70,11,Tidak,Tidak,3,61,20,7,0,Stabil,63.95
2.97,55,45,Tidak,Ya,4,87,10,7,0,Stabil,69.95
3.44,54,25,Tidak,Ya,1,58,2,3,0,Rentan,65.2
2.98,80,29,Ada,Ya,4,60,13,4,0,Stabil,64.69999999999999
3.19,80,25,Tidak,Tidak,4,65,20,2,0,Stabil,68.85
2.86,90,15,Tidak,Ya,5,64,3,2,0,Stabil,65.7
3.27,68,71,Tidak,Ya,3,95,1,2,0,Stabil,74.05
4.0,69,88,Ada,Ya,4,62,12,8,1,Stabil,80.4
2.86,74,10,Tidak,Ya,0,89,5,5,0,Stabil,60.7
3.19,61,52,Tidak,Ya,3,57,5,2,0,Stabil,65.25
2.73,98,31,Tidak,Ya,4,72,9,4,1,Rentan,63.349999999999994
2.27,75,36,Ada,Tidak,2,95,8,6,0,Stabil,57.05
3.69,53,73,Tidak,Tidak,1,58,19,4,0,Rentan,68.95
3.25,98,24,Ada,Tidak,0,70,9,5,0,Rentan,62.75
3.88,69,92,Tidak,Ya,1,69,12,5,0,Stabil,74.0
3.17,71,74,Tidak,Ya,5,83,19,4,1,Rentan,74.15
3.09,85,10,Tidak,Tidak,2,66,10,8,0,Stabil,63.550000000000004
3.62,92,23,Ada,Ya,3,65,6,2,1,Stabil,73.3
3.1,93,90,Tidak,Ya,4,52,17,7,1,Rentan,64.9
3.08,54,7,Tidak,Tidak,3,62,1,3,0,Rentan,64.6
4.0,71,25,Ada,Tidak,2,98,10,3,0,Stabil,83.6
3.14,56,32,Ada,Ya,3,50,7,4,0,Rentan,63.1
2.84,59,22,Tidak,Tidak,3,98,10,7,0,Rentan,68.2
3.36,51,58,Ada,Tidak,3,95,4,5,0,Rentan,75.4
2.96,96,60,Tidak,Tidak,0,92,17,2,0,Rentan,62.8
2.98,73,64,Ada,Ya,2,59,15,8,0,Stabil,60.5
3.69,66,73,Ada,Ya,4,81,7,2,1,Rentan,79.55
2.99,94,62,Tidak,Ya,1,92,2,3,0,Rentan,65.25
3.67,72,22,Ada,Tidak,4,97,3,5,0,Rentan,82.45
3.28,59,87,Ada,Ya,2,74,5,3,1,Rentan,68.0
3.36,51,1,Tidak,Ya,2,82,19,7,0,Rentan,70.8
3.08,89,50,Tidak,Tidak,5,100,14,5,0,Rentan,76.19999999999999
3.41,60,51,Ada,Tidak,3,86,4,7,0,Stabil,74.35
3.69,57,75,Ada,Tidak,1,99,13,6,1,Rentan,77.15
3.19,96,84,Tidak,Tidak,1,52,13,6,0,Rentan,60.25
2.84,52,90,Ada,Ya,5,86,17,5,0,Stabil,69.8
2.94,68,68,Ada,Ya,0,84,4,3,0,Rentan,60.900000000000006
2.91,69,22,Tidak,Ya,4,93,0,8,0,Rentan,70.25
2.1,68,27,Tidak,Tidak,3,99,3,8,0,Stabil,57.3
3.0,54,14,Ada,Ya,0,60,19,5,0,Rentan,57.0
3.26,88,14,Tidak,Tidak,3,91,5,5,1,Rentan,73.1
2.35,50,69,Tidak,Tidak,5,97,5,1,0,Stabil,64.65
3.22,65,84,Ada,Ya,1,85,5,7,1,Rentan,67.3
3.0,61,52,Ada,Tidak,1,93,6,1,0,Stabil,65.6
3.18,99,25,Ada,Ya,3,54,6,2,0,Stabil,64.5
3.03,88,63,Ada,Ya,1,70,0,4,0,Stabil,61.449999999999996
2.97,84,77,Ada,Ya,0,65,2,7,0,Stabil,57.55
3.33,84,91,Tidak,Ya,4,92,15,8,0,Stabil,76.35
3.69,78,43,Ada,Ya,0,89,16,3,0,Stabil,73.15
3.01,88,54,Ada,Tidak,1,67,20,6,0,Stabil,60.55
2.91,93,51,Tidak,Tidak,3,85,11,5,0,Stabil,66.65
3.5,79,48,Tidak,Ya,3,75,18,5,1,Rentan,73.5
3.81,70,5,Ada,Ya,3,52,5,1,1,Rentan,73.55
3.26,99,85,Ada,Tidak,2,85,17,7,1,Rentan,69.9
3.4,85,100,Tidak,Ya,5,65,0,6,0,Stabil,74.0
3.28,99,71,Tidak,Tidak,3,51,11,6,1,Rentan,65.4
3.33,91,3,Ada,Tidak,5,60,13,4,0,Stabil,71.94999999999999
3.41,88,71,Ada,Ya,2,80,8,2,1,Rentan,71.15
3.6,80,15,Ada,Tidak,4,77,5,6,1,Rentan,77.4
3.62,68,21,Tidak,Ya,3,88,7,1,0,Stabil,77.9
3.16,56,11,Ada,Ya,5,50,7,2,0,Stabil,67.4
2.88,96,70,Ada,Tidak,4,85,10,2,1,Rentan,68.19999999999999
3.01,82,7,Tidak,Tidak,0,73,19,3,0,Stabil,59.75
2.74,64,14,Tidak,Ya,2,72,4,6,0,Rentan,59.5
3.33,71,15,Ada,Ya,4,82,17,8,0,Stabil,74.35
2.74,77,45,Ada,Ya,4,82,17,4,1,Rentan,65.5
3.13,78,61,Tidak,Tidak,2,70,6,8,0,Stabil,64.94999999999999
2.55,97,75,Tidak,Ya,3,97,12,1,1,Rentan,63.64999999999999
2.82,66,88,Tidak,Tidak,5,89,18,5,0,Stabil,70.1
3.9,93,84,Tidak,Ya,1,56,2,1,1,Stabil,71.7
2.76,92,99,Tidak,Tidak,2,78,5,5,0,Stabil,61.0
3.57,59,17,Ada,Tidak,4,97,18,8,0,Stabil,80.95
2.87,66,54,Tidak,Tidak,4,100,8,5,0,Stabil,71.05
2.45,82,78,Tidak,Ya,0,84,3,8,0,Stabil,53.55
2.44,60,18,Ada,Tidak,5,79,18,8,0,Stabil,62.400000000000006
3.17,98,24,Ada,Tidak,5,97,0,7,0,Rentan,76.95
3.25,84,44,Ada,Ya,1,69,4,3,1,Rentan,64.55
2.8,52,26,Tidak,Tidak,4,53,4,4,0,Rentan,60.6
3.49,94,79,Tidak,Ya,3,86,7,7,0,Stabil,75.55
3.32,55,45,Tidak,Tidak,3,74,7,1,0,Stabil,70.6
3.39,80,98,Tidak,Tidak,4,79,0,6,0,Stabil,74.65
3.4,95,41,Tidak,Tidak,2,52,3,7,0,Rentan,65.4
3.81,85,62,Ada,Tidak,0,81,6,4,0,Stabil,73.35
3.44,98,73,Ada,Tidak,3,100,6,7,0,Stabil,77.6
2.5,61,14,Tidak,Tidak,0,98,8,1,0,Rentan,57.1
3.43,77,99,Ada,Tidak,0,98,12,4,0,Stabil,71.05
3.03,78,97,Tidak,Ya,1,96,7,1,0,Rentan,66.65
3.96,72,17,Ada,Ya,0,51,5,8,0,Rentan,69.6
2.45,89,97,Ada,Tidak,1,78,14,6,1,Rentan,54.35
3.61,99,12,Ada,Ya,1,53,19,2,0,Stabil,66.75
3.66,66,38,Tidak,Ya,1,61,5,3,0,Stabil,69.1
2.99,89,12,Ada,Ya,0,62,9,3,0,Rentan,57.25
3.17,59,50,Ada,Tidak,0,88,10,7,0,Rentan,65.15
2.86,70,72,Ada,Ya,3,56,15,7,0,Stabil,60.1
3.04,60,95,Ada,Tidak,5,63,17,1,0,Rentan,68.2
3.66,95,72,Tidak,Tidak,2,100,3,8,0,Stabil,78.9
3.28,98,11,Tidak,Ya,1,100,4,3,0,Rentan,71.19999999999999
3.38,92,23,Ada,Ya,5,69,14,7,1,Rentan,74.5
3.38,55,34,Tidak,Ya,1,96,17,1,0,Stabil,71.9
2.81,84,93,Ada,Ya,5,77,17,6,0,Stabil,67.55
3.44,50,56,Tidak,Ya,3,79,8,7,0,Stabil,73.4
3.26,86,100,Ada,Ya,0,88,20,2,0,Stabil,66.5
2.33,64,21,Tidak,Tidak,4,67,13,6,0,Stabil,56.349999999999994
3.66,63,31,Ada,Ya,2,53,0,2,0,Stabil,69.5
3.08,57,49,Tidak,Ya,4,75,0,5,0,Rentan,69.19999999999999
2.89,97,38,Ada,Tidak,4,50,17,3,0,Stabil,61.35
2.72,93,57,Ada,Tidak,4,77,3,2,0,Rentan,64.19999999999999
3.04,82,85,Ada,Tidak,5,59,0,2,1,Rentan,67.4
2.72,66,12,Tidak,Ya,4,75,13,2,0,Rentan,63.8
3.08,58,50,Ada,Tidak,5,88,9,1,0,Rentan,73.8
3.29,72,44,Ada,Tidak,3,69,5,3,0,Stabil,69.15
3.48,71,100,Ada,Ya,1,93,13,8,1,Rentan,72.8
3.85,53,71,Tidak,Ya,4,76,0,6,1,Stabil,80.95
3.0,90,68,Tidak,Tidak,4,72,2,3,1,Rentan,67.4
3.49,98,83,Tidak,Tidak,5,74,1,1,0,Stabil,77.15
3.11,71,93,Ada,Tidak,0,73,15,3,0,Stabil,61.25
3.47,60,50,Tidak,Ya,3,97,4,5,0,Rentan,77.45
2.49,67,79,Ada,Tidak,1,76,17,8,0,Stabil,54.550000000000004
3.8,56,34,Tidak,Ya,0,69,4,5,0,Rentan,70.8
2.92,90,73,Tidak,Ya,0,88,11,4,0,Stabil,61.4
2.92,89,59,Tidak,Tidak,0,84,17,3,0,Stabil,60.599999999999994
3.54,82,68,Ada,Ya,2,83,16,4,1,Stabil,73.7
3.38,73,31,Tidak,Ya,1,92,8,7,0,Rentan,71.1
2.74,56,13,Tidak,Ya,1,53,6,1,0,Rentan,53.7
2.3,98,5,Tidak,Tidak,0,87,14,8,0,Stabil,51.89999999999999
3.7,66,46,Ada,Tidak,0,90,14,2,0,Rentan,73.5
3.8,60,91,Tidak,Tidak,0,80,4,1,0,Stabil,73.0
3.01,59,32,Ada,Ya,4,93,19,4,0,Stabil,71.75
2.75,56,100,Ada,Ya,3,68,17,8,0,Stabil,60.85
3.34,99,50,Ada,Tidak,2,75,5,6,0,Stabil,69.1
3.05,78,73,Tidak,Tidak,0,77,19,1,0,Stabil,61.15
3.0,80,100,Ada,Tidak,3,62,11,6,0,Rentan,63.4
3.23,64,1,Ada,Ya,2,69,3,3,1,Rentan,66.25
2.99,74,29,Tidak,Tidak,5,95,7,4,0,Stabil,73.85
2.93,87,41,Tidak,Ya,1,70,15,5,0,Stabil,59.949999999999996
3.6,86,81,Tidak,Ya,4,71,11,2,1,Rentan,76.2
3.22,73,45,Tidak,Ya,5,99,14,8,0,Stabil,78.1
3.38,80,40,Ada,Ya,2,92,1,2,0,Stabil,73.1
3.1,92,33,Ada,Ya,2,53,5,5,1,Rentan,61.1
3.51,50,90,Tidak,Ya,3,93,6,7,1,Rentan,77.25
2.96,77,75,Tidak,Tidak,1,76,0,6,0,Stabil,61.6
3.46,88,41,Ada,Ya,0,62,18,4,0,Stabil,64.3
2.41,80,55,Tidak,Ya,3,95,10,8,0,Rentan,61.15
2.96,79,61,Ada,Tidak,5,53,5,2,0,Stabil,65.0
2.04,56,14,Tidak,Ya,0,53,9,2,0,Stabil,41.2
3.05,87,95,Ada,Ya,0,87,5,5,0,Stabil,63.150000000000006
3.3,51,51,Ada,Tidak,0,79,0,7,0,Rentan,65.3
2.73,76,14,Tidak,Ya,1,66,8,4,0,Rentan,56.15
2.88,75,13,Tidak,Ya,4,53,5,8,0,Stabil,61.8
2.66,74,7,Ada,Ya,4,91,1,4,0,Rentan,66.1
3.16,69,2,Tidak,Ya,1,87,15,3,0,Stabil,66.8
3.03,51,72,Ada,Ya,2,84,0,8,0,Stabil,66.25
2.8,52,26,Ada,Ya,4,60,11,3,0,Rentan,62.0
2.9,72,42,Ada,Ya,5,89,7,3,0,Rentan,71.3
2.76,99,20,Ada,Tidak,4,60,9,1,0,Stabil,61.4
3.07,58,56,Tidak,Ya,5,55,5,7,0,Stabil,67.05
3.56,79,49,Tidak,Ya,1,67,5,6,1,Rentan,68.8
3.93,64,54,Ada,Ya,3,73,7,5,0,Stabil,79.55
2.59,89,84,Tidak,Tidak,1,78,7,5,0,Stabil,56.45
2.45,71,12,Tidak,Ya,5,70,3,5,0,Stabil,60.75
3.27,88,11,Ada,Ya,1,94,8,2,1,Rentan,69.85
3.37,84,73,Tidak,Tidak,0,52,13,4,0,Stabil,60.949999999999996
2.82,60,35,Tidak,Ya,4,95,17,4,0,Rentan,69.3
2.93,70,94,Tidak,Tidak,1,58,12,1,0,Stabil,57.55
3.56,55,1,Tidak,Tidak,2,85,5,5,0,Rentan,74.4
3.38,61,11,Ada,Ya,4,60,5,2,0,Stabil,70.69999999999999
3.49,58,6,Tidak,Ya,5,50,8,5,0,Rentan,72.35
3.91,97,17,Ada,Tidak,4,65,11,6,1,Rentan,79.65
2.78,81,7,Ada,Tidak,4,75,8,5,0,Rentan,64.69999999999999
3.5,70,56,Ada,Tidak,0,61,6,8,0,Stabil,64.7
3.31,95,49,Ada,Tidak,4,69,4,7,1,Rentan,71.45
2.8,76,23,Ada,Tidak,4,94,6,5,0,Rentan,68.8
3.51,81,36,Ada,Ya,0,69,5,1,0,Rentan,66.45
3.18,82,21,Tidak,Ya,2,78,18,4,0,Rentan,67.3
3.13,67,8,Tidak,Ya,4,62,16,6,0,Stabil,67.35
3.07,75,74,Tidak,Ya,2,70,18,1,1,Rentan,64.05
2.69,64,93,Tidak,Tidak,5,67,6,8,0,Stabil,63.75
3.28,58,47,Tidak,Ya,3,75,17,7,0,Stabil,70.19999999999999
3.27,94,89,Ada,Ya,3,50,16,5,1,Stabil,65.05
3.58,78,50,Tidak,Tidak,1,87,16,7,0,Rentan,73.1
3.28,58,73,Ada,Tidak,0,76,13,8,0,Rentan,64.39999999999999
2.88,93,38,Ada,Ya,4,80,6,5,0,Stabil,67.19999999999999
2.8,86,97,Ada,Ya,5,57,14,3,1,Rentan,63.4
3.61,60,86,Ada,Tidak,0,62,18,2,0,Stabil,66.55
3.15,79,75,Ada,Tidak,1,69,19,3,0,Rentan,63.05
3.3,69,57,Ada,Ya,1,68,11,5,0,Stabil,65.1
3.46,83,84,Ada,Ya,2,64,17,1,1,Rentan,68.7
2.74,74,13,Tidak,Ya,0,93,3,1,0,Rentan,59.7
3.47,57,5,Tidak,Ya,3,88,4,7,0,Rentan,75.65
3.98,75,38,Ada,Tidak,0,88,13,8,0,Stabil,77.3
3.29,61,54,Tidak,Ya,2,55,2,6,0,Rentan,64.35
3.46,51,53,Ada,Ya,0,79,1,2,0,Rentan,67.7
3.05,83,84,Tidak,Ya,2,55,5,4,0,Rentan,60.75
3.31,79,72,Tidak,Ya,1,50,5,3,0,Stabil,61.65
3.67,68,5,Ada,Ya,1,70,4,8,1,Rentan,71.05
3.25,67,15,Ada,Tidak,2,75,8,6,0,Stabil,67.75
2.34,58,77,Ada,Ya,1,52,12,6,0,Rentan,47.5
3.55,58,21,Ada,Ya,5,61,19,7,1,Rentan,75.45
3.09,87,51,Ada,Ya,2,63,10,3,0,Stabil,62.95
2.95,83,97,Tidak,Ya,4,56,10,8,0,Rentan,63.45
3.19,92,39,Tidak,Ya,0,59,19,2,0,Stabil,59.650000000000006
3.31,59,82,Tidak,Ya,4,52,18,4,0,Stabil,68.05
2.87,61,54,Ada,Tidak,1,64,0,6,0,Rentan,57.849999999999994
2.55,52,60,Tidak,Tidak,4,84,4,7,0,Rentan,63.05
2.83,80,62,Ada,Tidak,3,50,9,6,1,Rentan,58.449999999999996
3.33,53,63,Tidak,Ya,3,81,6,2,1,Rentan,72.14999999999999
3.5,54,38,Ada,Tidak,4,62,6,1,0,Rentan,72.9
3.78,51,0,Tidak,Ya,2,58,7,3,0,Stabil,72.3
3.02,72,68,Ada,Tidak,4,94,7,8,1,Rentan,72.1
2.5,72,33,Tidak,Ya,2,96,3,6,0,Stabil,60.7
4.0,50,91,Ada,Ya,3,50,18,5,1,Rentan,76.0
2.94,84,98,Ada,Tidak,1,87,12,6,0,Stabil,63.5
3.28,92,11,Tidak,Tidak,5,59,12,1,0,Stabil,71.0
2.84,62,97,Tidak,Tidak,1,66,0,7,0,Rentan,57.800000000000004
3.99,94,49,Ada,Tidak,5,64,2,7,0,Stabil,82.64999999999999
3.19,92,58,Ada,Ya,3,88,20,7,0,Stabil,71.45
3.53,67,81,Tidak,Ya,2,96,1,3,1,Rentan,76.15
3.3,67,23,Tidak,Ya,5,74,13,2,0,Stabil,74.3
2.99,84,0,Tidak,Ya,3,58,11,4,0,Stabil,62.45
4.0,50,82,Tidak,Ya,1,58,16,4,1,Rentan,73.6
3.05,60,2,Ada,Ya,4,90,0,7,0,Stabil,71.75
3.14,57,5,Ada,Tidak,2,52,1,5,0,Rentan,61.5
3.09,58,88,Ada,Ya,5,68,17,3,1,Stabil,69.95
3.84,90,51,Tidak,Tidak,4,68,9,6,1,Rentan,79.19999999999999
3.37,76,57,Ada,Ya,0,58,9,3,0,Stabil,62.15
3.23,73,56,Ada,Ya,0,73,6,1,0,Rentan,63.05
2.7,61,39,Tidak,Ya,0,54,6,4,0,Rentan,51.3
3.21,79,97,Ada,Ya,2,96,14,8,1,Stabil,71.35
2.83,85,50,Ada,Ya,3,70,19,7,0,Stabil,62.449999999999996
3.1,55,20,Tidak,Tidak,3,50,20,1,0,Rentan,62.5
4.0,93,23,Ada,Tidak,3,86,12,1,1,Rentan,83.2
2.89,60,28,Tidak,Tidak,5,65,19,3,0,Rentan,66.35
4.0,89,17,Ada,Ya,0,98,5,6,1,Rentan,79.6
2.98,71,41,Tidak,Ya,2,58,12,5,0,Stabil,60.3
3.09,63,16,Ada,Ya,2,99,13,7,0,Rentan,70.15
2.81,75,6,Tidak,Ya,0,51,14,8,0,Rentan,52.35
3.23,55,63,Ada,Tidak,1,100,9,4,0,Stabil,70.44999999999999
2.93,50,24,Tidak,Ya,1,50,1,5,0,Stabil,55.949999999999996
3.27,91,95,Ada,Ya,2,83,6,6,1,Rentan,69.65
3.76,68,16,Ada,Tidak,2,76,13,5,0,Stabil,75.6
2.89,54,29,Ada,Ya,4,89,9,4,0,Rentan,69.15
3.02,62,43,Tidak,Tidak,1,69,5,5,0,Rentan,61.099999999999994
3.4,83,8,Tidak,Tidak,1,71,17,7,0,Stabil,67.2
3.8,79,79,Tidak,Ya,2,51,10,7,1,Rentan,71.2
3.4,57,51,Ada,Ya,1,86,4,7,0,Stabil,70.2
3.43,92,12,Tidak,Ya,2,70,11,3,0,Stabil,69.44999999999999
3.42,76,48,Ada,Ya,4,93,1,3,1,Stabil,77.9
2.87,68,2,Ada,Ya,4,62,6,5,0,Rentan,63.449999999999996
3.47,89,7,Tidak,Ya,1,59,6,4,0,Rentan,65.85
3.25,99,74,Tidak,Ya,0,63,8,3,0,Stabil,61.35
2.96,59,67,Tidak,Ya,2,63,11,7,0,Stabil,61.0
3.54,82,73,Ada,Ya,5,81,20,1,1,Rentan,79.3
2.98,67,42,Ada,Ya,5,64,2,1,0,Stabil,67.5
3.14,68,84,Tidak,Tidak,5,73,19,5,0,Stabil,71.7
2.96,98,89,Ada,Ya,0,100,20,5,0,Stabil,64.4
3.17,73,37,Tidak,Tidak,0,60,14,5,0,Rentan,59.55
3.7,91,59,Ada,Ya,4,55,16,4,1,Stabil,74.5
3.43,51,28,Tidak,Ya,4,65,4,3,0,Stabil,72.44999999999999
3.43,53,7,Ada,Ya,5,70,8,8,0,Stabil,75.44999999999999
2.69,62,45,Ada,Ya,3,78,6,5,0,Stabil,61.95
3.76,60,52,Tidak,Tidak,5,82,8,2,0,Rentan,82.8
3.42,61,19,Ada,Ya,3,90,10,4,1,Rentan,75.3
2.71,98,61,Ada,Ya,3,53,14,7,1,Rentan,57.25
3.12,88,41,Tidak,Tidak,3,65,10,3,0,Rentan,65.8
2.98,97,43,Ada,Ya,3,92,6,8,0,Rentan,69.1
3.15,97,47,Ada,Ya,4,95,8,1,1,Rentan,74.25
3.12,59,14,Ada,Tidak,5,53,6,4,0,Stabil,67.4
3.28,84,45,Ada,Tidak,3,64,20,6,0,Stabil,68.0
3.88,77,78,Tidak,Tidak,3,54,13,7,1,Stabil,75.0
3.96,60,90,Ada,Tidak,2,64,3,8,0,Stabil,76.2
4.0,64,8,Ada,Tidak,5,69,2,1,1,Rentan,83.8
3.44,74,95,Tidak,Tidak,2,74,5,6,0,Stabil,70.4
2.54,60,82,Ada,Ya,0,82,3,6,0,Stabil,54.5
3.25,66,75,Ada,Tidak,0,78,9,5,0,Stabil,64.35
3.59,97,53,Ada,Tidak,2,95,5,3,1,Rentan,76.85
2.36,65,17,Tidak,Ya,2,52,4,8,0,Stabil,49.8
3.66,76,78,Tidak,Tidak,4,89,0,4,0,Stabil,80.7
3.75,99,55,Tidak,Ya,1,79,9,2,0,Stabil,74.05
2.8,54,81,Tidak,Ya,1,89,20,5,0,Stabil,61.8
2.99,100,100,Tidak,Ya,1,61,10,3,0,Stabil,59.050000000000004
2.64,50,32,Tidak,Ya,4,98,7,5,0,Rentan,67.2
2.97,57,27,Tidak,Tidak,1,83,16,6,0,Rentan,63.15
3.45,77,7,Ada,Ya,3,53,16,2,1,Rentan,68.35
3.62,84,62,Tidak,Ya,1,90,3,8,0,Rentan,74.3
2.84,76,92,Ada,Ya,3,77,18,2,1,Stabil,64.0
2.68,77,21,Tidak,Ya,1,94,0,6,0,Rentan,61.0
2.59,97,26,Ada,Ya,0,56,12,5,0,Rentan,50.050000000000004
2.52,92,12,Ada,Ya,4,73,12,3,1,Rentan,60.4
2.98,61,27,Tidak,Ya,1,83,12,1,0,Rentan,63.3
3.84,75,22,Tidak,Ya,2,89,14,3,1,Rentan,79.39999999999999
2.88,79,22,Tidak,Tidak,1,67,18,7,0,Rentan,58.599999999999994
3.37,71,100,Ada,Tidak,3,81,12,8,1,Rentan,72.75
2.81,60,55,Tidak,Ya,4,99,8,1,0,Rentan,69.95
3.85,86,63,Tidak,Ya,5,59,9,6,0,Stabil,79.55
2.97,97,52,Ada,Tidak,3,67,6,3,0,Stabil,63.949999999999996
2.73,90,86,Ada,Ya,4,76,3,6,1,Rentan,64.15
3.8,63,99,Tidak,Ya,0,74,1,2,0,Stabil,71.8
3.94,67,100,Ada,Ya,1,58,3,1,0,Stabil,72.69999999999999
2.64,90,26,Ada,Tidak,5,94,9,4,0,Stabil,68.4
3.34,92,91,Ada,Ya,5,91,13,4,1,Stabil,78.3
3.33,88,100,Ada,Ya,1,56,12,8,0,Stabil,63.15
3.78,64,61,Tidak,Ya,0,63,15,1,0,Rentan,69.3
3.47,54,69,Tidak,Tidak,0,88,6,4,0,Rentan,69.65
3.79,69,53,Ada,Tidak,0,59,16,2,0,Stabil,68.65
3.92,99,19,Ada,Ya,1,82,10,2,1,Rentan,77.2
2.61,87,100,Ada,Tidak,3,84,12,4,0,Stabil,61.95
2.46,93,20,Tidak,Ya,5,58,9,8,0,Rentan,58.5
3.19,94,62,Ada,Ya,1,77,15,2,1,Rentan,65.25
2.84,57,31,Tidak,Tidak,2,100,18,5,0,Rentan,66.6
3.18,88,44,Tidak,Ya,2,74,2,3,1,Rentan,66.5
3.18,54,54,Tidak,Tidak,2,83,16,3,0,Stabil,68.3
3.22,77,99,Tidak,Tidak,5,92,12,7,1,Rentan,76.7
3.08,91,60,Tidak,Ya,3,73,0,5,1,Rentan,66.8
3.72,76,0,Ada,Ya,5,52,16,1,1,Stabil,76.2
2.95,60,17,Ada,Ya,0,57,11,7,0,Rentan,55.65
2.9,59,0,Ada,Ya,3,88,18,4,0,Rentan,67.1
3.97,65,18,Tidak,Ya,0,99,10,5,0,Stabil,79.35
2.71,81,9,Ada,Tidak,5,83,7,3,0,Rentan,67.25
3.23,58,36,Ada,Ya,2,68,15,1,0,Stabil,66.05
2.68,85,85,Ada,Ya,2,79,17,3,0,Stabil,60.0
3.7,85,89,Tidak,Ya,2,81,11,3,1,Stabil,75.7
3.04,72,49,Ada,Ya,0,50,12,5,1,Rentan,55.6
4.0,78,38,Tidak,Ya,3,64,13,7,1,Stabil,78.8
2.61,89,23,Tidak,Ya,4,67,9,1,0,Rentan,60.55
3.33,99,14,Ada,Ya,2,55,14,6,1,Rentan,64.94999999999999
3.11,87,1,Ada,Ya,2,61,15,6,0,Stabil,62.85
4.0,68,67,Tidak,Ya,2,64,2,3,0,Stabil,76.8
3.2,55,76,Tidak,Ya,5,56,15,7,1,Rentan,69.2
2.66,75,45,Tidak,Ya,1,80,0,3,0,Stabil,57.9
3.03,59,82,Ada,Ya,2,56,18,1,0,Rentan,60.65
3.35,61,48,Tidak,Ya,0,56,12,4,0,Rentan,61.45
2.87,59,17,Ada,Ya,4,68,11,5,0,Stabil,64.65
3.96,65,25,Tidak,Ya,3,100,3,4,0,Stabil,85.4
2.82,91,70,Tidak,Ya,1,58,0,2,0,Stabil,55.9
3.44,54,3,Ada,Tidak,1,80,20,2,0,Rentan,69.6
2.95,87,82,Ada,Tidak,0,58,12,7,0,Rentan,55.85
3.15,51,31,Ada,Tidak,1,71,7,6,0,Stabil,63.45
3.38,58,87,Tidak,Tidak,3,56,15,2,0,Stabil,67.9
2.8,51,55,Tidak,Ya,2,60,13,8,0,Rentan,58.0
3.19,65,78,Tidak,Ya,2,93,12,8,0,Stabil,70.45
3.3,73,0,Ada,Ya,4,69,13,8,0,Stabil,71.3
3.29,53,22,Tidak,Tidak,1,98,14,7,0,Stabil,70.95
3.33,86,18,Ada,Ya,1,77,11,4,0,Stabil,67.35
3.26,81,89,Tidak,Tidak,2,73,3,4,0,Stabil,67.5
2.78,59,88,Ada,Ya,4,78,20,1,0,Rentan,65.3
3.21,92,19,Ada,Ya,3,62,0,1,1,Stabil,66.55
3.15,98,88,Ada,Tidak,1,78,18,1,1,Stabil,64.85
3.34,68,35,Tidak,Ya,5,51,17,7,0,Rentan,70.30000000000001
3.61,73,50,Ada,Ya,4,54,3,1,1,Rentan,72.95
3.55,83,7,Ada,Ya,0,66,20,8,0,Stabil,66.45
3.23,90,58,Ada,Ya,2,82,20,5,1,Stabil,68.85
3.14,78,84,Tidak,Ya,3,55,19,6,0,Rentan,64.1
3.27,56,10,Tidak,Ya,0,77,16,2,0,Stabil,64.45
3.69,51,75,Tidak,Ya,0,73,6,8,0,Stabil,69.95
3.71,87,12,Ada,Ya,1,60,12,6,1,Rentan,69.65
3.14,88,26,Ada,Tidak,3,99,6,8,0,Rentan,72.9
3.34,73,38,Ada,Ya,2,70,4,3,0,Stabil,68.1
3.44,86,71,Tidak,Tidak,0,96,0,7,0,Rentan,70.80000000000001
3.63,58,1,Tidak,Tidak,2,62,0,3,0,Stabil,70.85
3.78,81,60,Ada,Ya,2,72,15,8,1,Rentan,75.1
3.14,79,67,Tidak,Ya,3,52,19,7,0,Stabil,63.5
3.32,93,16,Tidak,Ya,2,62,14,4,0,Rentan,66.19999999999999
3.21,65,10,Tidak,Ya,2,98,3,2,0,Rentan,71.75
3.09,82,85,Ada,Tidak,3,75,11,6,1,Rentan,67.35
3.31,81,72,Ada,Ya,5,56,9,8,1,Stabil,70.85
2.35,51,54,Ada,Tidak,1,81,4,5,0,Stabil,53.45
3.29,96,88,Tidak,Tidak,4,68,0,6,0,Rentan,70.95
2.98,51,51,Tidak,Tidak,2,63,4,3,0,Rentan,61.3
3.4,98,75,Ada,Tidak,3,55,1,4,1,Rentan,68.0
3.01,61,79,Ada,Ya,4,94,8,4,0,Stabil,71.95
3.23,75,86,Ada,Ya,1,82,2,1,1,Rentan,66.85
3.86,95,86,Ada,Tidak,0,55,1,7,1,Stabil,68.9
3.11,57,52,Tidak,Tidak,0,92,13,1,0,Rentan,65.05
3.45,75,3,Ada,Tidak,4,76,7,6,1,Rentan,74.95
2.64,94,41,Ada,Ya,3,78,20,7,0,Stabil,61.2
3.04,56,19,Ada,Ya,2,71,19,3,0,Stabil,63.800000000000004
3.33,97,15,Ada,Ya,4,51,2,7,0,Stabil,68.15
3.27,72,82,Tidak,Ya,1,55,17,8,0,Stabil,62.05
3.77,67,6,Ada,Ya,4,85,15,2,1,Rentan,81.55
2.61,91,51,Tidak,Ya,5,81,8,4,0,Rentan,65.35
3.16,74,17,Ada,Tidak,5,50,15,6,0,Rentan,67.4
3.02,100,82,Tidak,Ya,1,94,10,5,0,Stabil,66.1
3.66,100,28,Ada,Tidak,4,91,9,5,0,Stabil,81.1
3.21,72,84,Ada,Tidak,5,82,6,5,0,Stabil,74.55
3.2,65,0,Ada,Ya,2,92,14,6,0,Stabil,70.4
3.32,96,40,Tidak,Tidak,2,84,1,5,0,Stabil,70.6
2.81,53,72,Tidak,Ya,5,67,5,1,0,Rentan,65.55
3.72,93,42,Ada,Tidak,2,85,0,1,0,Stabil,76.8
2.99,85,17,Ada,Tidak,0,63,10,6,0,Rentan,57.45
3.61,96,35,Ada,Tidak,2,59,7,8,1,Rentan,69.95
2.89,92,28,Tidak,Tidak,3,94,1,7,0,Stabil,68.15
2.9,90,44,Ada,Tidak,4,70,3,4,0,Stabil,65.5
2.49,84,49,Ada,Tidak,1,79,6,6,0,Rentan,55.150000000000006
3.39,77,67,Tidak,Tidak,5,61,13,2,0,Stabil,73.05000000000001
3.14,65,55,Ada,Ya,4,89,19,2,1,Rentan,72.9
3.07,95,35,Tidak,Tidak,1,64,3,1,0,Stabil,60.849999999999994
3.39,65,70,Tidak,Ya,1,73,1,4,0,Stabil,67.45
2.98,89,95,Ada,Ya,3,95,10,3,1,Rentan,69.69999999999999
3.39,100,61,Ada,Ya,4,93,20,5,0,Stabil,77.45
3.01,74,54,Tidak,Tidak,3,78,6,2,0,Stabil,66.75
3.12,86,99,Ada,Ya,4,78,6,3,1,Stabil,70.4
3.29,88,6,Ada,Ya,2,62,1,2,1,Stabil,65.75
2.94,97,57,Tidak,Ya,0,53,5,3,0,Stabil,54.7
2.84,94,30,Tidak,Tidak,2,69,20,7,0,Rentan,60.400000000000006
2.71,70,69,Ada,Ya,0,65,8,7,0,Rentan,53.65
3.26,99,28,Ada,Ya,1,98,12,5,1,Rentan,70.5
3.78,97,2,Tidak,Tidak,4,77,15,1,1,Rentan,80.1
3.21,85,13,Tidak,Ya,3,100,20,3,1,Rentan,74.15
2.69,66,44,Tidak,Tidak,5,88,15,4,0,Stabil,67.95
2.48,57,13,Tidak,Ya,5,77,7,6,0,Rentan,62.599999999999994
3.05,79,5,Ada,Ya,2,84,16,3,0,Stabil,66.55
3.15,77,9,Ada,Tidak,3,50,9,3,1,Stabil,63.25
3.04,75,49,Tidak,Ya,1,76,8,7,0,Rentan,62.800000000000004
3.31,85,87,Ada,Tidak,1,51,8,6,0,Stabil,61.85
2.73,95,35,Ada,Tidak,1,80,1,4,0,Rentan,58.949999999999996
3.4,58,11,Ada,Ya,4,80,3,2,1,Rentan,75.0
2.7,96,40,Tidak,Ya,4,68,18,2,0,Stabil,62.1
2.76,97,80,Ada,Tidak,3,50,13,3,1,Rentan,57.4
3.7,78,27,Ada,Ya,2,56,13,6,1,Rentan,70.7
3.35,83,63,Ada,Ya,4,57,6,2,1,Rentan,69.65
2.89,65,96,Ada,Tidak,3,89,16,7,0,Rentan,67.15
2.79,99,87,Tidak,Ya,2,71,13,1,1,Rentan,60.050000000000004
3.01,71,41,Ada,Ya,2,67,2,2,1,Stabil,62.55
3.41,57,12,Tidak,Tidak,3,86,19,2,0,Stabil,74.35
3.07,80,89,Tidak,Tidak,0,99,19,4,0,Rentan,65.85
3.52,89,42,Ada,Tidak,4,79,15,5,0,Stabil,76.6
3.26,80,90,Ada,Ya,3,80,7,2,1,Rentan,70.9
2.97,53,1,Tidak,Ya,5,61,7,5,0,Rentan,66.75
3.02,92,0,Ada,Tidak,2,94,8,2,0,Stabil,68.1
2.88,67,79,Ada,Tidak,2,56,9,5,0,Rentan,58.4
2.78,89,3,Ada,Ya,0,74,2,2,0,Stabil,56.5
3.18,65,76,Tidak,Ya,5,95,12,4,0,Rentan,76.69999999999999
3.33,84,16,Ada,Ya,0,89,7,3,1,Rentan,67.75
3.86,69,94,Ada,Ya,1,66,6,3,0,Stabil,73.1
2.76,65,2,Ada,Tidak,2,89,4,7,0,Rentan,63.2
2.61,83,72,Tidak,Tidak,5,80,20,8,1,Rentan,65.15
3.1,85,35,Ada,Ya,3,52,18,7,1,Stabil,62.9
2.53,77,58,Tidak,Tidak,4,79,0,8,0,Stabil,61.75
3.32,63,53,Tidak,Ya,0,56,10,1,0,Rentan,61.0
3.16,81,47,Tidak,Tidak,5,86,5,7,0,Stabil,74.6
3.26,64,22,Tidak,Ya,5,69,1,7,0,Stabil,72.7
3.54,71,54,Ada,Ya,0,84,10,7,0,Stabil,69.9
3.76,86,41,Ada,Tidak,4,85,1,3,1,Stabil,81.4
3.48,89,18,Ada,Ya,4,98,9,6,1,Rentan,79.8
3.87,62,80,Tidak,Ya,3,66,9,8,0,Stabil,77.25
2.82,59,61,Ada,Ya,0,73,14,5,0,Stabil,56.9
2.75,76,89,Ada,Ya,3,65,12,1,1,Rentan,60.25
3.4,82,95,Tidak,Ya,1,87,11,8,0,Stabil,70.4
3.15,66,39,Ada,Ya,3,80,13,8,1,Rentan,69.25
3.87,87,94,Ada,Tidak,1,91,1,8,1,Rentan,78.25
3.58,71,86,Tidak,Ya,1,65,10,7,0,Stabil,68.69999999999999
3.18,51,53,Ada,Tidak,0,53,7,3,0,Rentan,58.3
3.5,56,51,Tidak,Ya,0,97,14,2,0,Stabil,71.9
2.73,81,51,Ada,Ya,5,96,14,7,1,Stabil,70.15
2.46,51,0,Ada,Ya,4,95,5,7,0,Rentan,63.9
3.55,77,27,Ada,Ya,1,54,8,3,1,Stabil,66.05
3.6,96,16,Tidak,Ya,0,66,14,7,0,Stabil,67.2
2.98,96,68,Ada,Tidak,5,91,7,1,0,Rentan,72.89999999999999
3.42,93,34,Ada,Tidak,2,59,11,7,0,Stabil,67.1
3.37,94,73,Ada,Tidak,2,85,19,7,1,Rentan,71.55
3.33,72,75,Ada,Tidak,0,84,6,5,0,Stabil,66.75
3.94,66,39,Tidak,Tidak,4,66,4,4,0,Rentan,80.3
3.16,97,24,Ada,Tidak,0,54,16,3,0,Stabil,58.2
3.1,62,39,Ada,Ya,5,70,7,5,0,Stabil,70.5
3.22,89,30,Tidak,Ya,5,70,14,5,0,Stabil,72.3
3.51,89,79,Tidak,Ya,0,59,1,5,1,Stabil,64.45
2.96,90,51,Ada,Ya,5,92,8,1,0,Stabil,72.8
3.35,91,63,Tidak,Ya,5,59,0,3,1,Rentan,72.05
2.74,58,5,Ada,Tidak,5,53,6,2,0,Rentan,61.7
3.34,72,42,Ada,Ya,0,71,5,8,0,Stabil,64.3
3.43,61,33,Tidak,Ya,1,76,11,1,0,Stabil,68.64999999999999
2.78,96,49,Tidak,Tidak,5,75,8,8,0,Stabil,66.69999999999999
2.64,74,9,Tidak,Ya,4,94,19,6,0,Rentan,66.4
3.24,55,61,Ada,Ya,4,85,12,4,0,Rentan,73.6
3.97,98,39,Tidak,Ya,1,96,7,5,1,Rentan,80.75
2.89,72,93,Ada,Ya,4,80,6,2,0,Stabil,67.35
2.37,90,47,Tidak,Ya,4,74,4,4,0,Stabil,58.349999999999994
3.21,73,68,Ada,Ya,1,77,16,3,0,Rentan,65.55
3.86,85,42,Ada,Tidak,2,67,8,5,0,Stabil,75.3
3.34,90,11,Ada,Tidak,5,67,17,3,1,Rentan,73.5
3.16,100,45,Tidak,Tidak,5,66,10,2,0,Stabil,70.6
2.56,96,7,Ada,Ya,3,86,6,6,0,Stabil,61.599999999999994
3.0,67,39,Ada,Tidak,1,83,8,2,0,Rentan,63.6
3.45,55,70,Ada,Ya,5,50,6,3,1,Stabil,71.75
2.81,81,44,Ada,Ya,3,70,8,2,0,Stabil,62.15
3.28,58,50,Tidak,Tidak,3,53,20,4,0,Rentan,65.8
3.17,82,41,Tidak,Tidak,5,60,2,5,0,Rentan,69.55
2.97,76,36,Tidak,Ya,1,88,11,4,0,Stabil,64.15
4.0,56,73,Ada,Tidak,4,80,11,7,1,Rentan,84.0
2.63,61,56,Ada,Ya,2,92,18,5,0,Stabil,61.849999999999994
3.09,91,13,Ada,Ya,5,64,13,7,1,Stabil,69.15
2.87,94,59,Ada,Tidak,0,57,11,7,0,Rentan,54.449999999999996
3.54,89,88,Tidak,Ya,1,92,2,2,1,Rentan,73.5
2.63,96,59,Tidak,Ya,2,56,12,8,0,Stabil,54.65
3.41,100,46,Tidak,Ya,5,97,19,4,1,Rentan,80.55
3.11,65,13,Ada,Ya,1,78,0,2,0,Rentan,64.25
2.55,96,73,Ada,Tidak,5,57,17,5,0,Stabil,59.64999999999999
3.32,62,84,Tidak,Ya,0,51,2,6,0,Rentan,60.0
3.16,77,14,Ada,Ya,0,70,3,1,1,Rentan,61.4
3.36,95,68,Tidak,Ya,5,81,1,4,1,Rentan,76.6
3.29,53,55,Tidak,Tidak,0,60,15,4,0,Rentan,61.35
2.8,92,46,Ada,Tidak,1,79,7,7,0,Stabil,59.8
3.04,80,54,Tidak,Tidak,1,59,16,3,0,Stabil,59.400000000000006
2.89,74,42,Ada,Tidak,2,87,15,2,0,Rentan,64.75
3.43,61,66,Tidak,Ya,2,67,9,5,0,Stabil,68.85
2.92,85,68,Ada,Tidak,1,78,13,2,0,Stabil,61.4
3.05,65,14,Ada,Tidak,2,70,8,5,0,Rentan,63.75
2.4,79,84,Tidak,Ya,3,96,18,3,0,Rentan,61.2
3.08,91,63,Tidak,Tidak,0,90,13,8,0,Stabil,64.19999999999999
3.06,86,83,Ada,Tidak,0,64,5,3,0,Stabil,58.7
3.18,93,72,Ada,Ya,0,74,8,6,1,Stabil,62.5
3.0,85,69,Ada,Ya,5,85,18,8,1,Rentan,72.0
3.13,90,0,Tidak,Tidak,0,99,10,7,0,Stabil,66.75
3.26,88,24,Ada,Tidak,4,99,11,3,1,Rentan,76.7
3.69,63,6,Tidak,Ya,2,51,5,2,0,Stabil,69.55
2.79,80,63,Ada,Ya,5,71,19,2,1,Rentan,66.05000000000001
2.6,66,69,Tidak,Tidak,2,71,2,8,0,Stabil,57.2
2.89,92,41,Tidak,Ya,3,50,12,4,0,Stabil,59.35
3.08,97,43,Tidak,Ya,4,98,15,8,0,Stabil,73.8
3.74,63,37,Ada,Tidak,3,72,12,2,0,Stabil,76.5
3.66,56,57,Ada,Tidak,3,80,18,3,0,Stabil,76.9
2.89,74,97,Ada,Ya,3,82,10,6,0,Stabil,65.75
3.1,74,100,Ada,Tidak,0,54,6,4,0,Rentan,57.3
2.44,86,95,Tidak,Ya,5,74,7,8,0,Stabil,61.400000000000006
2.96,61,36,Ada,Ya,4,76,17,8,1,Rentan,67.6
3.15,51,90,Tidak,Tidak,2,74,18,3,0,Rentan,66.05
2.91,58,91,Tidak,Ya,3,58,16,4,0,Stabil,61.25
3.86,57,18,Ada,Ya,2,60,11,1,1,Rentan,73.9
3.26,77,21,Tidak,Tidak,3,51,5,1,0,Stabil,65.1
3.18,76,20,Ada,Tidak,4,84,15,2,0,Stabil,72.5
3.15,57,30,Tidak,Tidak,1,69,9,8,0,Rentan,63.05
3.64,81,18,Tidak,Ya,0,93,2,4,0,Stabil,73.2
3.18,89,59,Ada,Ya,2,53,8,3,0,Stabil,62.3
3.65,53,37,Ada,Ya,2,53,15,6,0,Stabil,69.35
3.1,95,57,Ada,Tidak,1,53,2,4,0,Stabil,59.1
3.33,90,72,Tidak,Ya,5,56,11,3,0,Stabil,71.15
3.66,57,72,Ada,Ya,4,58,7,7,1,Stabil,74.5
3.16,90,77,Tidak,Ya,0,57,2,1,0,Rentan,58.8
3.04,100,74,Tidak,Ya,5,69,17,8,1,Rentan,69.4
2.91,100,61,Tidak,Ya,5,65,20,3,0,Rentan,66.65
3.38,60,96,Tidak,Tidak,3,80,3,3,0,Stabil,72.69999999999999
3.13,84,6,Ada,Ya,1,58,9,5,1,Rentan,60.55
3.16,68,76,Ada,Ya,3,74,4,1,1,Rentan,68.2
3.59,56,96,Tidak,Ya,5,79,7,1,1,Rentan,79.65
2.81,90,42,Ada,Tidak,0,58,19,3,0,Rentan,53.75
3.59,89,45,Tidak,Tidak,5,94,15,5,0,Rentan,82.65
3.16,50,90,Ada,Tidak,1,59,19,4,0,Rentan,61.2
2.76,97,22,Tidak,Ya,4,66,1,1,0,Stabil,62.6
3.36,73,87,Tidak,Ya,3,89,6,4,0,Stabil,74.2
3.31,82,28,Tidak,Tidak,5,71,14,7,0,Rentan,73.85
3.64,64,32,Tidak,Tidak,1,56,5,4,0,Rentan,67.8
2.57,58,90,Ada,Ya,0,70,3,1,0,Stabil,52.55
2.54,94,43,Ada,Tidak,2,59,4,2,0,Stabil,53.900000000000006
3.44,99,91,Ada,Ya,0,65,11,7,1,Rentan,64.6
2.88,57,35,Tidak,Tidak,2,64,5,5,0,Rentan,60.0
3.26,84,58,Tidak,Tidak,5,65,10,7,0,Stabil,71.9
2.86,92,88,Tidak,Tidak,4,79,2,7,0,Stabil,66.7
2.75,76,65,Ada,Ya,2,96,6,7,0,Stabil,64.45
3.52,82,53,Tidak,Ya,0,55,16,2,0,Stabil,63.8
2.46,52,92,Ada,Ya,3,59,15,1,0,Stabil,54.7
3.07,96,13,Ada,Ya,4,53,12,2,1,Rentan,64.65
3.21,52,47,Tidak,Ya,3,83,16,5,0,Stabil,70.75
3.33,73,64,Tidak,Ya,5,69,7,2,0,Rentan,73.75
2.48,98,30,Ada,Ya,2,99,15,1,1,Rentan,61.0
4.0,85,17,Tidak,Tidak,0,50,3,4,0,Stabil,70.0
3.18,96,30,Ada,Tidak,4,86,15,6,1,Rentan,72.89999999999999
3.71,64,40,Ada,Tidak,2,51,18,8,1,Rentan,69.85
2.96,76,88,Tidak,Tidak,4,76,12,5,0,Stabil,67.6
3.77,50,4,Ada,Tidak,5,65,1,4,0,Stabil,79.55
3.06,52,43,Tidak,Tidak,4,83,20,6,0,Stabil,70.5
2.96,85,24,Tidak,Ya,1,81,20,2,0,Rentan,62.599999999999994
3.48,59,32,Ada,Tidak,2,60,8,7,0,Stabil,68.19999999999999
2.04,54,80,Ada,Ya,0,94,4,7,0,Rentan,49.4
3.44,100,93,Ada,Ya,2,56,18,2,1,Rentan,66.80000000000001
2.87,64,66,Tidak,Ya,0,67,2,7,0,Stabil,56.449999999999996
3.77,64,39,Ada,Tidak,0,90,3,2,0,Stabil,74.55
3.05,68,45,Tidak,Tidak,3,54,0,5,0,Stabil,62.55
3.42,53,33,Tidak,Tidak,4,51,7,7,0,Rentan,69.5
2.44,61,28,Tidak,Ya,4,54,0,5,0,Rentan,55.400000000000006
2.96,75,82,Ada,Ya,2,93,1,3,0,Stabil,67.0
3.15,67,71,Tidak,Ya,2,83,12,6,1,Rentan,67.85
2.99,79,83,Tidak,Ya,0,98,2,5,0,Stabil,64.45
2.39,57,6,Ada,Tidak,3,56,18,8,0,Stabil,53.050000000000004
3.16,87,84,Tidak,Tidak,2,67,7,1,0,Rentan,64.8
3.17,73,49,Ada,Tidak,1,98,1,7,0,Rentan,69.15
3.35,79,34,Ada,Tidak,3,98,13,7,0,Stabil,75.85
3.66,92,33,Ada,Tidak,3,80,12,8,1,Rentan,76.9
3.59,73,77,Tidak,Ya,0,80,7,2,0,Rentan,69.85
3.8,62,1,Tidak,Tidak,4,75,9,3,0,Rentan,80.0
3.44,92,50,Ada,Ya,5,94,3,2,1,Stabil,80.4
3.14,92,54,Ada,Ya,0,92,1,3,1,Rentan,65.5
3.68,82,83,Ada,Tidak,5,55,7,7,0,Stabil,76.19999999999999
2.97,75,85,Tidak,Tidak,5,62,6,4,0,Stabil,66.94999999999999
2.75,96,98,Tidak,Tidak,2,88,4,5,0,Stabil,62.85
2.81,74,97,Ada,Ya,2,51,4,3,0,Rentan,56.35
2.88,79,91,Tidak,Tidak,0,50,7,2,0,Stabil,53.199999999999996
2.97,56,77,Ada,Tidak,3,88,7,4,1,Rentan,68.15
2.7,98,14,Ada,Ya,5,99,17,6,0,Stabil,70.3
3.12,85,76,Tidak,Tidak,4,55,10,2,0,Rentan,65.8
3.01,86,59,Ada,Tidak,1,51,8,1,0,Rentan,57.35
3.04,84,59,Ada,Ya,4,89,10,3,0,Stabil,71.4
3.6,91,9,Ada,Ya,2,96,14,4,1,Rentan,77.2
2.51,91,93,Tidak,Ya,2,56,3,8,0,Stabil,52.849999999999994
2.83,94,65,Ada,Ya,5,90,8,3,1,Rentan,70.44999999999999
3.88,64,23,Tidak,Ya,1,98,9,4,1,Rentan,79.8
3.04,54,80,Tidak,Ya,2,81,19,8,0,Stabil,65.8
3.37,52,16,Ada,Ya,2,94,17,7,0,Stabil,73.35
3.82,52,81,Ada,Ya,1,50,6,7,1,Rentan,69.3
3.58,88,100,Ada,Ya,4,95,12,4,1,Rentan,80.69999999999999
3.28,54,0,Ada,Ya,2,56,13,7,0,Stabil,64.4
3.18,59,12,Tidak,Tidak,3,83,0,1,0,Stabil,70.3
2.57,96,20,Ada,Tidak,3,71,5,2,0,Rentan,58.75
2.39,90,63,Tidak,Ya,3,72,8,4,0,Stabil,56.25
3.22,70,51,Tidak,Ya,2,61,14,7,0,Rentan,64.5
2.96,72,16,Ada,Ya,2,57,17,1,0,Stabil,59.8
3.33,97,13,Tidak,Ya,1,78,10,3,0,Stabil,67.55
2.96,78,0,Tidak,Ya,3,99,3,4,0,Stabil,70.2
4.0,63,7,Ada,Tidak,1,95,16,6,0,Rentan,81.0
2.5,87,94,Ada,Ya,4,93,15,1,0,Stabil,64.1
2.98,53,18,Ada,Tidak,2,83,15,2,0,Stabil,65.3
3.23,95,78,Ada,Ya,5,80,7,6,1,Rentan,74.44999999999999
3.62,60,36,Tidak,Tidak,3,74,20,5,0,Rentan,75.1
3.04,71,59,Ada,Tidak,5,90,20,4,0,Stabil,73.6
2.95,85,39,Ada,Ya,3,80,16,7,1,Stabil,66.25
3.33,74,62,Ada,Tidak,3,70,0,1,0,Rentan,69.94999999999999
2.99,62,93,Tidak,Ya,0,58,17,4,0,Rentan,56.45
3.33,92,76,Tidak,Ya,1,68,19,3,1,Rentan,65.55
3.13,52,5,Ada,Ya,4,70,11,1,1,Rentan,68.94999999999999
3.39,80,84,Tidak,Ya,2,99,5,1,0,Stabil,74.65
3.63,60,37,Ada,Tidak,0,91,20,2,0,Rentan,72.64999999999999
3.15,71,54,Tidak,Ya,2,58,13,5,0,Stabil,62.85
3.05,76,88,Ada,Ya,5,66,13,1,0,Stabil,68.95
2.78,78,98,Tidak,Tidak,1,93,0,4,0,Rentan,62.3
2.2,63,76,Ada,Tidak,1,69,19,1,0,Stabil,48.8
3.17,64,14,Ada,Ya,1,86,12,8,0,Stabil,66.75
3.29,58,23,Ada,Ya,0,91,14,1,0,Stabil,67.55
2.84,59,10,Ada,Tidak,1,62,4,8,0,Stabil,57.0
2.75,58,88,Tidak,Ya,4,76,0,3,0,Stabil,64.45
3.6,79,63,Ada,Tidak,2,85,14,1,1,Rentan,75.0
3.31,55,66,Ada,Tidak,0,59,17,5,0,Stabil,61.45
3.6,78,82,Ada,Tidak,3,71,6,1,1,Rentan,74.2
3.41,69,15,Tidak,Ya,5,90,2,7,0,Stabil,79.15
3.06,55,89,Ada,Ya,3,85,0,3,0,Stabil,68.9
3.4,52,60,Tidak,Tidak,0,91,3,2,0,Stabil,69.2
3.11,59,11,Tidak,Ya,3,55,1,5,0,Rentan,63.65
3.67,73,87,Ada,Ya,5,72,9,1,1,Stabil,79.45
3.39,80,81,Tidak,Ya,4,93,20,4,1,Rentan,77.45
3.8,93,14,Tidak,Ya,1,53,9,7,0,Stabil,69.6
3.66,99,94,Ada,Tidak,1,100,13,6,1,Rentan,76.9
3.32,79,66,Tidak,Ya,0,73,16,8,0,Stabil,64.4
3.71,68,72,Ada,Tidak,4,78,8,2,1,Rentan,79.25
3.32,57,68,Ada,Ya,4,94,16,7,0,Stabil,76.6
2.58,54,6,Ada,Ya,1,86,13,5,0,Stabil,57.89999999999999
3.46,89,69,Tidak,Tidak,2,50,10,8,0,Stabil,65.9
3.54,93,22,Tidak,Tidak,2,78,9,3,0,Stabil,72.7
3.67,77,34,Ada,Tidak,1,61,15,4,0,Stabil,69.25
3.54,87,57,Tidak,Ya,5,71,9,6,1,Rentan,77.3
3.37,50,89,Tidak,Tidak,1,61,14,2,0,Rentan,64.75
3.33,68,46,Tidak,Tidak,4,77,11,4,0,Rentan,73.35
3.71,71,16,Tidak,Tidak,0,70,7,7,0,Rentan,69.65
3.46,91,36,Tidak,Ya,5,84,13,3,0,Stabil,78.7
3.38,84,69,Ada,Ya,5,84,5,5,0,Stabil,77.5
2.72,64,21,Tidak,Ya,4,70,9,1,0,Stabil,62.8
3.31,70,22,Tidak,Ya,0,87,19,3,0,Rentan,67.05
3.55,89,2,Tidak,Tidak,5,100,5,3,1,Rentan,83.25
3.2,94,3,Tidak,Ya,3,80,4,7,0,Stabil,70.0
3.2,50,34,Tidak,Ya,0,92,17,4,0,Stabil,66.4
3.85,95,90,Ada,Ya,3,66,10,6,1,Stabil,76.95
3.39,72,97,Tidak,Tidak,1,69,5,8,0,Rentan,66.65
2.85,100,53,Tidak,Tidak,1,91,1,3,0,Stabil,62.95
2.82,100,65,Tidak,Ya,4,88,0,8,0,Stabil,67.9
2.66,84,3,Tidak,Tidak,5,84,14,5,0,Rentan,66.7
3.48,67,81,Ada,Ya,4,67,1,1,1,Rentan,73.6
3.31,57,31,Ada,Ya,4,55,12,6,1,Rentan,68.65
2.83,63,2,Ada,Ya,0,67,6,7,0,Stabil,55.849999999999994
2.96,92,45,Tidak,Tidak,2,94,18,3,0,Stabil,67.2
3.74,58,9,Ada,Tidak,5,57,9,8,0,Stabil,77.5
3.06,92,78,Ada,Ya,0,75,20,4,1,Stabil,60.9
2.74,92,59,Ada,Ya,1,90,12,3,0,Stabil,61.1
3.42,61,1,Ada,Tidak,5,97,9,4,0,Stabil,80.7
3.74,61,74,Ada,Tidak,4,73,5,3,0,Stabil,78.7
2.7,70,100,Tidak,Tidak,1,50,2,1,0,Stabil,52.5
3.18,93,23,Tidak,Ya,1,79,13,2,0,Rentan,65.5
2.98,95,71,Ada,Ya,0,64,1,8,1,Rentan,57.5
3.5,57,24,Ada,Ya,2,82,4,3,0,Stabil,72.9
2.94,53,88,Tidak,Ya,5,80,2,6,0,Rentan,70.1
2.78,100,75,Ada,Ya,1,98,7,2,0,Stabil,63.3
3.98,81,19,Tidak,Ya,0,98,4,6,0,Stabil,79.3
3.35,54,24,Ada,Tidak,5,70,14,4,0,Rentan,74.25
3.43,88,98,Tidak,Ya,2,93,19,7,0,Stabil,74.05
3.36,87,25,Tidak,Ya,0,67,20,4,0,Rentan,63.8
3.11,94,73,Ada,Ya,3,65,14,4,1,Rentan,65.65
3.78,72,100,Tidak,Ya,2,63,19,3,1,Stabil,73.3
2.63,81,68,Ada,Ya,1,86,20,4,0,Rentan,58.64999999999999
2.77,67,62,Tidak,Ya,3,95,8,1,0,Rentan,66.55
3.89,52,14,Ada,Ya,3,72,16,2,1,Rentan,78.75
3.1,54,25,Tidak,Ya,3,57,3,5,0,Rentan,63.9
3.37,67,48,Tidak,Ya,2,66,5,7,0,Rentan,67.75
3.29,70,3,Tidak,Tidak,2,86,11,5,0,Rentan,70.55
3.23,64,95,Tidak,Ya,3,67,4,1,1,Rentan,67.85
3.0,51,8,Ada,Ya,4,93,11,7,0,Rentan,71.6
2.86,62,62,Tidak,Ya,2,52,0,4,0,Rentan,57.3
3.02,77,89,Tidak,Ya,4,58,2,6,1,Rentan,64.9
3.67,95,89,Ada,Ya,5,63,8,6,1,Stabil,77.65
3.21,96,1,Tidak,Ya,1,93,1,3,0,Rentan,68.75
3.24,52,22,Tidak,Tidak,5,85,9,8,0,Stabil,75.6
3.28,80,84,Tidak,Ya,5,92,15,4,1,Rentan,77.6
2.81,71,9,Ada,Tidak,0,83,14,1,0,Stabil,58.75
3.75,95,46,Ada,Tidak,2,87,16,1,1,Rentan,77.65
2.65,95,58,Ada,Ya,5,81,15,3,0,Stabil,65.95
3.26,98,78,Ada,Ya,0,98,5,1,1,Stabil,68.5
3.2,86,13,Tidak,Tidak,4,54,13,7,1,Rentan,66.8
3.85,81,21,Ada,Ya,0,95,13,1,0,Stabil,76.75
3.72,94,87,Tidak,Ya,1,96,9,1,1,Rentan,77.0
2.91,58,98,Tidak,Tidak,3,75,11,7,0,Stabil,64.65
2.93,71,50,Ada,Tidak,0,53,5,3,0,Stabil,54.55
3.09,50,93,Ada,Tidak,3,98,8,4,0,Stabil,71.95
3.61,73,7,Ada,Ya,3,71,17,7,0,Stabil,74.35
3.22,58,59,Ada,Ya,1,94,12,6,0,Stabil,69.1
3.08,99,32,Ada,Ya,1,84,18,3,0,Rentan,65.0
3.86,90,16,Ada,Tidak,5,73,12,1,1,Rentan,82.5
2.97,93,83,Ada,Tidak,5,76,18,8,0,Rentan,69.75
3.34,94,41,Ada,Ya,2,89,5,7,0,Stabil,71.9
3.7,96,78,Ada,Ya,4,90,18,4,0,Stabil,81.5
3.64,87,16,Tidak,Ya,4,73,2,8,1,Rentan,77.2
3.37,69,31,Tidak,Ya,3,80,2,1,0,Stabil,72.55
2.62,74,30,Ada,Ya,1,56,10,3,0,Rentan,52.5
3.18,62,99,Tidak,Ya,4,100,9,8,0,Stabil,75.69999999999999
3.53,59,44,Tidak,Ya,0,74,12,6,0,Rentan,67.75
3.25,88,74,Ada,Ya,2,92,12,7,0,Rentan,71.15
3.14,63,99,Ada,Tidak,0,69,9,2,0,Stabil,60.900000000000006
2.65,89,98,Ada,Ya,0,81,3,4,0,Stabil,55.95
3.22,66,95,Tidak,Ya,4,94,7,6,0,Stabil,75.1
3.45,78,56,Tidak,Tidak,0,78,2,6,0,Rentan,67.35
2.88,60,35,Tidak,Tidak,4,59,7,5,0,Stabil,63.0
3.1,57,64,Ada,Ya,2,93,11,7,0,Rentan,69.1
3.07,50,35,Tidak,Ya,2,63,15,8,0,Stabil,62.65
2.74,52,90,Ada,Ya,0,94,10,8,0,Rentan,59.900000000000006
3.46,84,40,Tidak,Ya,2,50,3,2,0,Stabil,65.9
2.55,68,71,Tidak,Ya,0,56,17,1,0,Stabil,49.449999999999996
2.7,90,85,Tidak,Ya,1,72,10,1,1,Rentan,56.9
3.49,69,2,Ada,Ya,4,95,5,4,1,Rentan,79.35
2.73,58,61,Ada,Ya,2,52,1,2,0,Rentan,55.349999999999994
2.88,75,92,Ada,Ya,4,94,5,2,0,Stabil,70.0
2.88,57,85,Tidak,Ya,0,91,2,1,0,Stabil,61.39999999999999
2.82,81,84,Ada,Ya,5,77,4,3,1,Rentan,67.69999999999999
2.69,72,27,Ada,Tidak,0,60,2,7,0,Stabil,52.35
2.7,97,13,Tidak,Tidak,0,84,2,7,0,Stabil,57.3
3.37,72,64,Ada,Ya,2,50,18,5,0,Stabil,64.55
3.0,84,10,Tidak,Ya,5,81,8,1,0,Stabil,71.2
3.71,77,51,Ada,Tidak,5,62,20,5,1,Rentan,78.05
2.95,68,16,Tidak,Tidak,3,87,0,2,0,Rentan,67.65
3.58,83,61,Ada,Ya,1,75,17,8,0,Stabil,70.69999999999999
3.18,73,41,Tidak,Tidak,0,63,2,1,0,Stabil,60.3
3.36,70,7,Tidak,Ya,0,54,14,3,0,Rentan,61.2
3.34,67,36,Tidak,Ya,5,51,10,6,0,Stabil,70.30000000000001
3.25,66,35,Ada,Tidak,4,100,8,3,1,Rentan,76.75
2.73,69,29,Ada,Ya,4,56,3,8,0,Rentan,60.15
3.49,52,59,Tidak,Ya,5,69,5,2,0,Stabil,76.15
3.24,76,25,Ada,Tidak,2,82,16,7,0,Stabil,69.0
2.88,79,43,Ada,Ya,0,71,1,8,0,Stabil,57.4
3.2,77,38,Tidak,Tidak,3,95,1,6,0,Stabil,73.0
2.78,74,50,Tidak,Ya,1,56,11,6,0,Rentan,54.9
3.39,90,45,Ada,Ya,2,74,2,3,1,Rentan,69.65
2.65,56,100,Ada,Ya,4,64,7,7,0,Stabil,60.55
3.48,68,80,Tidak,Tidak,5,73,17,8,0,Stabil,76.8
3.26,86,28,Ada,Tidak,1,88,8,2,0,Stabil,68.5
2.77,85,39,Ada,Ya,4,50,9,3,1,Rentan,59.55
3.11,75,86,Tidak,Ya,3,98,11,4,1,Stabil,72.25
3.04,58,61,Ada,Ya,5,82,13,7,0,Stabil,72.0
2.6,73,84,Tidak,Tidak,2,92,1,5,0,Rentan,61.400000000000006
3.71,71,44,Tidak,Ya,2,57,16,7,0,Stabil,71.05
3.47,98,80,Ada,Ya,5,85,7,2,1,Rentan,79.05
3.35,86,13,Tidak,Tidak,5,54,19,2,0,Stabil,71.05
2.73,80,9,Tidak,Ya,3,86,6,4,0,Stabil,64.14999999999999
3.1,85,25,Tidak,Tidak,4,77,15,4,0,Rentan,69.9
3.22,69,32,Ada,Ya,4,68,5,1,1,Rentan,69.9
3.45,66,43,Tidak,Ya,3,69,20,3,0,Rentan,71.55
3.68,78,97,Ada,Ya,5,87,12,8,1,Rentan,82.6
3.19,60,46,Tidak,Tidak,4,89,15,8,0,Rentan,73.65
4.0,79,0,Tidak,Ya,5,90,5,8,0,Stabil,88.0
3.08,98,75,Tidak,Ya,0,62,11,7,0,Stabil,58.599999999999994
3.09,59,76,Tidak,Ya,1,81,13,5,0,Rentan,64.55
3.04,78,35,Ada,Tidak,4,72,20,7,0,Stabil,68.0
2.44,60,29,Ada,Tidak,1,93,16,8,0,Rentan,57.2
3.05,73,74,Ada,Tidak,3,62,17,5,0,Rentan,64.15
4.0,67,11,Ada,Tidak,4,64,14,4,1,Rentan,80.8
3.93,83,37,Ada,Tidak,1,90,18,1,1,Rentan,78.94999999999999
2.86,62,90,Tidak,Ya,1,57,10,8,0,Rentan,56.3
2.88,88,75,Tidak,Ya,4,75,9,5,1,Rentan,66.19999999999999
3.77,91,43,Tidak,Ya,2,95,15,8,1,Rentan,79.55
3.03,98,20,Tidak,Tidak,3,80,2,6,0,Rentan,67.44999999999999
3.06,88,63,Tidak,Ya,3,94,6,3,0,Stabil,70.7
3.37,75,4,Tidak,Tidak,5,51,13,7,0,Stabil,70.75
3.19,83,84,Tidak,Tidak,0,63,13,8,0,Stabil,60.45
2.67,78,54,Ada,Ya,0,66,7,5,0,Rentan,53.25
3.47,86,59,Tidak,Tidak,4,51,6,8,0,Stabil,70.25
3.12,63,48,Ada,Ya,5,88,19,6,0,Stabil,74.4
3.05,88,26,Ada,Tidak,1,67,1,4,0,Rentan,61.15
3.26,62,66,Ada,Ya,0,94,1,3,0,Stabil,67.7
3.22,72,56,Tidak,Tidak,0,95,14,3,0,Rentan,67.3
3.8,83,86,Ada,Ya,5,55,17,8,1,Stabil,78.0
2.87,79,6,Tidak,Ya,2,71,10,3,1,Rentan,61.25
2.62,71,91,Ada,Ya,0,82,17,2,0,Stabil,55.7
3.12,51,76,Tidak,Ya,1,88,11,6,1,Rentan,66.4
2.85,78,34,Tidak,Tidak,5,78,14,4,0,Stabil,68.35
2.98,65,90,Tidak,Tidak,5,89,1,6,0,Rentan,72.5
3.39,56,100,Tidak,Ya,2,58,6,5,1,Stabil,66.45
2.95,66,62,Ada,Tidak,3,69,3,8,0,Stabil,64.05
3.22,67,46,Ada,Tidak,5,90,1,3,0,Rentan,76.3
2.93,57,89,Tidak,Ya,3,63,11,6,0,Stabil,62.55
3.37,51,47,Tidak,Ya,5,68,6,7,0,Stabil,74.15
2.93,74,82,Ada,Ya,1,54,13,6,0,Rentan,56.75
2.66,61,87,Ada,Ya,2,75,9,1,0,Stabil,58.9
2.99,65,67,Tidak,Tidak,5,91,2,4,0,Stabil,73.05
3.26,67,23,Ada,Ya,1,84,7,5,0,Stabil,67.7
2.96,51,97,Tidak,Tidak,3,91,17,5,0,Stabil,68.6
2.79,69,39,Tidak,Tidak,4,69,12,8,0,Stabil,63.650000000000006
3.43,77,1,Tidak,Ya,2,91,4,5,0,Rentan,73.64999999999999
3.45,76,73,Ada,Ya,4,92,17,3,1,Rentan,78.15
3.38,95,62,Tidak,Ya,1,74,2,4,0,Stabil,67.5
2.88,78,6,Tidak,Ya,2,79,16,5,0,Rentan,63.0
3.45,88,47,Tidak,Ya,5,76,7,6,1,Rentan,76.95
3.01,93,17,Tidak,Ya,1,66,14,2,0,Stabil,60.35
2.89,90,6,Ada,Tidak,2,64,10,1,1,Rentan,60.150000000000006
3.84,76,99,Ada,Tidak,3,81,18,2,1,Rentan,79.8
2.79,54,67,Tidak,Tidak,4,52,11,3,0,Rentan,60.25
2.53,95,37,Ada,Ya,1,89,19,5,0,Stabil,57.75
2.52,96,76,Tidak,Tidak,5,64,1,4,0,Stabil,60.599999999999994
2.75,78,56,Ada,Tidak,3,52,9,3,0,Stabil,57.65
2.79,75,97,Ada,Tidak,1,72,10,5,0,Rentan,58.25
3.05,75,0,Tidak,Ya,0,59,14,3,0,Stabil,57.55
3.31,99,58,Ada,Ya,3,55,16,1,0,Stabil,66.65
2.87,73,53,Tidak,Tidak,1,96,18,4,0,Stabil,64.25
3.53,59,80,Tidak,Ya,4,75,8,6,0,Stabil,75.94999999999999
3.26,69,36,Ada,Tidak,0,56,1,6,0,Rentan,60.1
3.74,62,15,Tidak,Ya,2,50,18,7,1,Rentan,70.1
3.72,97,90,Tidak,Tidak,0,53,3,5,0,Stabil,66.4
2.74,83,45,Ada,Tidak,4,74,19,3,0,Stabil,63.900000000000006
3.35,96,31,Tidak,Tidak,0,99,12,2,0,Rentan,70.05
3.64,52,19,Tidak,Tidak,2,95,20,2,0,Stabil,77.6
2.32,50,54,Tidak,Tidak,3,61,0,6,0,Stabil,53.0
3.2,97,94,Ada,Tidak,5,85,13,3,1,Rentan,75.0
3.69,54,88,Tidak,Tidak,0,53,6,1,0,Rentan,65.95
2.64,100,64,Ada,Ya,3,67,18,7,0,Stabil,59.0
3.71,51,49,Tidak,Ya,3,62,20,3,0,Stabil,74.05
2.7,97,45,Tidak,Ya,5,96,16,2,0,Stabil,69.7
3.51,80,62,Ada,Tidak,4,84,3,1,1,Rentan,77.45
3.3,92,77,Tidak,Tidak,4,63,17,5,1,Stabil,70.1
3.7,77,72,Ada,Ya,3,74,15,8,1,Rentan,76.3
3.18,70,42,Tidak,Ya,4,82,15,4,0,Rentan,72.1
3.4,82,37,Ada,Tidak,3,61,17,6,1,Rentan,69.2
2.94,77,87,Tidak,Ya,5,100,7,2,0,Rentan,74.1
3.11,86,85,Ada,Ya,3,69,6,8,1,Rentan,66.45
3.81,72,65,Ada,Ya,5,79,5,4,1,Rentan,82.95
3.17,62,0,Ada,Ya,4,84,12,4,0,Stabil,72.35
3.75,95,33,Ada,Ya,0,69,4,6,1,Stabil,70.05
3.25,90,47,Tidak,Tidak,4,63,4,4,0,Rentan,69.35
2.83,62,52,Tidak,Ya,5,73,12,8,0,Stabil,67.05
2.82,57,18,Ada,Tidak,0,95,8,5,0,Stabil,61.3
3.28,53,53,Tidak,Ya,3,80,1,4,0,Rentan,71.19999999999999
4.0,62,94,Tidak,Tidak,2,54,8,1,0,Stabil,74.8
2.85,88,34,Tidak,Ya,3,66,2,3,0,Rentan,61.95
2.24,88,82,Ada,Ya,4,77,10,2,1,Rentan,57.0
3.33,60,73,Ada,Ya,2,91,3,2,0,Stabil,72.14999999999999
3.91,86,0,Ada,Tidak,5,68,5,5,1,Stabil,82.25
3.13,77,88,Tidak,Ya,2,73,19,3,1,Stabil,65.55
2.66,76,24,Tidak,Tidak,4,94,20,3,0,Rentan,66.7
3.74,72,91,Tidak,Ya,1,65,9,3,1,Rentan,71.1
3.72,60,20,Ada,Ya,1,70,7,3,0,Rentan,71.8
3.84,96,38,Ada,Ya,1,90,13,4,1,Rentan,77.6
3.49,65,88,Ada,Tidak,5,100,11,8,1,Rentan,82.35
3.51,77,74,Ada,Ya,2,81,13,8,1,Stabil,72.85
3.25,91,66,Ada,Ya,1,99,14,6,1,Rentan,70.55
2.56,65,86,Ada,Ya,4,96,13,8,0,Rentan,65.6
3.12,91,72,Ada,Ya,3,80,11,2,0,Stabil,68.8
3.21,65,70,Ada,Tidak,1,87,11,5,0,Stabil,67.55
2.7,97,26,Tidak,Ya,1,72,9,5,0,Rentan,56.9
3.29,77,42,Ada,Ya,5,98,11,6,1,Rentan,78.95
3.56,82,27,Tidak,Ya,5,95,6,5,0,Stabil,82.4
4.0,69,56,Tidak,Ya,1,58,3,2,0,Stabil,73.6
2.93,56,93,Ada,Tidak,1,60,7,6,0,Stabil,57.949999999999996
3.8,69,8,Tidak,Tidak,1,93,1,6,0,Rentan,77.6
2.99,54,23,Tidak,Ya,2,84,14,3,0,Rentan,65.65
3.65,69,13,Tidak,Tidak,2,63,6,2,0,Stabil,71.35
3.13,57,73,Ada,Ya,0,65,10,1,1,Rentan,59.949999999999996
3.07,94,90,Tidak,Ya,2,92,2,3,1,Rentan,68.45
3.5,54,78,Ada,Ya,3,88,17,8,1,Stabil,76.1
3.58,82,35,Tidak,Ya,2,91,14,3,0,Stabil,75.89999999999999
3.04,72,98,Tidak,Ya,5,82,10,2,0,Stabil,72.0
3.26,78,66,Ada,Tidak,1,66,0,6,1,Rentan,64.1
3.29,67,92,Ada,Ya,3,93,11,7,1,Rentan,73.95
3.03,82,99,Ada,Ya,3,56,1,4,1,Rentan,62.65
2.55,73,88,Tidak,Ya,0,67,3,1,0,Stabil,51.64999999999999
3.84,68,60,Tidak,Ya,3,53,8,5,1,Rentan,74.19999999999999
3.46,94,39,Tidak,Ya,3,64,0,2,0,Stabil,70.7
2.51,53,79,Tidak,Tidak,1,82,3,7,0,Stabil,56.05
3.29,93,31,Ada,Ya,0,55,16,3,0,Rentan,60.35
3.58,73,97,Ada,Ya,0,53,0,3,1,Rentan,64.3
4.0,74,15,Ada,Ya,5,55,20,5,1,Rentan,81.0
3.45,65,22,Tidak,Ya,0,53,1,6,0,Rentan,62.35
3.09,85,13,Tidak,Ya,2,70,13,2,0,Stabil,64.35
3.15,78,7,Tidak,Tidak,2,75,16,6,0,Rentan,66.25
3.06,72,65,Ada,Ya,2,92,20,2,1,Stabil,68.3
2.89,90,16,Tidak,Ya,4,73,8,1,0,Stabil,65.95
3.23,66,6,Ada,Tidak,2,69,13,6,0,Stabil,66.25
3.23,92,100,Tidak,Ya,1,73,6,7,0,Stabil,65.05
2.79,60,11,Tidak,Ya,2,72,6,6,0,Stabil,60.25
3.18,58,87,Tidak,Ya,4,95,15,7,0,Rentan,74.69999999999999
2.64,93,19,Tidak,Tidak,4,59,14,7,0,Stabil,59.400000000000006
2.57,97,57,Tidak,Ya,2,79,16,4,0,Stabil,58.349999999999994
3.53,58,50,Ada,Ya,0,51,5,4,0,Stabil,63.15
3.1,74,29,Tidak,Tidak,0,56,2,3,0,Stabil,57.7
3.17,52,21,Tidak,Ya,5,93,20,2,0,Stabil,76.15
